id,rank,hit
1,1,Yes
2,1,Yes
3,3,Yes
4,1,Yes
5,1,Yes
6,6,Yes
7,7,Yes
8,8,Yes
9,9,Yes
10,5,Yes
11,4,Yes
12,12,Yes
13,11,Yes
14,6,Yes
15,15,Yes
16,4,Yes
17,9,Yes
18,16,Yes
19,1,Yes
20,14,Yes
21,21,Yes
22,22,Yes
23,1,Yes
24,12,Yes
25,20,Yes
26,4,Yes
27,27,Yes
28,4,Yes
29,29,Yes
30,30,Yes
31,31,Yes
32,29,Yes
33,26,Yes
34,9,Yes
35,18,Yes
36,3,Yes
37,35,Yes
38,6,Yes
39,39,Yes
40,3,Yes
41,11,Yes
42,11,Yes
43,39,Yes
44,40,Yes
45,18,Yes
46,40,Yes
47,31,Yes
48,18,Yes
49,49,Yes
50,36,Yes
51,51,No
52,28,Yes
53,53,No
54,54,No
55,55,No
56,47,Yes
57,57,No
58,49,Yes
59,59,No
60,60,No
61,61,No
62,62,No
63,58,No
64,64,No
65,65,No
66,46,Yes
67,43,Yes
68,47,Yes
69,69,No
70,55,No
71,60,No
72,52,No
73,73,No
74,74,No
75,75,No
76,61,No
77,69,No
78,78,No
79,53,No
80,50,No
81,81,No
82,52,No
83,7,Yes
84,84,No
85,70,No
86,52,No
87,87,No
88,88,No
89,48,Yes
90,90,No
91,74,No
92,92,No
93,93,No
94,94,No
95,95,No
96,87,No
97,65,No
98,98,No
99,99,No
100,71,No
101,4,Yes
102,24,Yes
103,53,No
104,64,No
105,73,No
106,83,No
107,85,No
108,87,No
109,56,No
110,46,Yes
111,96,No
112,81,No
113,28,Yes
114,9,Yes
115,3,Yes
116,12,Yes
117,5,Yes
118,3,Yes
119,46,Yes
120,45,Yes
121,82,No
122,50,No
123,74,No
124,88,No
125,88,No
126,71,No
127,56,No
128,69,No
129,29,Yes
130,30,Yes
131,80,No
132,84,No
133,75,No
134,4,Yes
135,98,No
136,1,Yes
137,1,Yes
138,56,No
139,82,No
140,92,No
141,66,No
142,90,No
143,90,No
144,13,Yes
145,1,Yes
146,57,No
147,44,Yes
148,86,No
149,64,No
150,41,Yes
151,9,Yes
152,27,Yes
153,32,Yes
154,37,Yes
155,38,Yes
156,44,Yes
157,65,No
158,68,No
159,69,No
160,71,No
161,83,No
162,87,No
163,90,No
164,92,No
165,14,Yes
166,41,Yes
167,44,Yes
168,29,Yes
169,67,No
170,69,No
171,84,No
172,92,No
173,72,No
174,1,Yes
175,6,Yes
176,67,No
177,33,Yes
178,47,Yes
179,80,No
180,82,No
181,86,No
182,35,Yes
183,31,Yes
184,94,No
185,8,Yes
186,47,Yes
187,46,Yes
188,71,No
189,95,No
190,49,Yes
191,8,Yes
192,22,Yes
193,10,Yes
194,40,Yes
195,11,Yes
196,67,No
197,91,No
198,76,No
199,99,No
200,100,No
201,79,No
202,65,No
203,50,No
204,49,Yes
205,78,No
206,98,No
207,26,Yes
208,7,Yes
209,3,Yes
210,45,Yes
211,27,Yes
212,64,No
213,13,Yes
214,89,No
215,96,No
216,50,No
217,2,Yes
218,6,Yes
219,73,No
220,55,No
221,99,No
222,100,No
223,16,Yes
224,47,Yes
225,69,No
226,91,No
227,63,No
228,66,No
229,82,No
230,32,Yes
231,51,No
232,62,No
233,68,No
234,63,No
235,77,No
236,44,Yes
237,92,No
238,20,Yes
239,98,No
240,100,No
241,11,Yes
242,38,Yes
243,36,Yes
244,67,No
245,20,Yes
246,95,No
247,67,No
248,47,Yes
249,20,Yes
250,14,Yes
251,91,No
252,74,No
253,75,No
254,67,No
255,12,Yes
256,68,No
257,84,No
258,86,No
259,79,No
260,46,Yes
261,51,No
262,1,Yes
263,7,Yes
264,48,Yes
265,40,Yes
266,27,Yes
267,84,No
268,5,Yes
269,92,No
270,45,Yes
271,54,No
272,77,No
273,71,No
274,29,Yes
275,80,No
276,33,Yes
277,46,Yes
278,60,No
279,39,Yes
280,58,No
281,91,No
282,81,No
283,79,No
284,77,No
285,59,No
286,31,Yes
287,100,No
288,10,Yes
289,4,Yes
290,80,No
291,82,No
292,84,No
293,90,No
294,91,No
295,94,No
296,95,No
297,42,Yes
298,17,Yes
299,33,Yes
300,38,Yes
301,6,Yes
302,59,No
303,16,Yes
304,79,No
305,80,No
306,77,No
307,56,No
308,84,No
309,92,No
310,76,No
311,55,No
312,95,No
313,62,No
314,87,No
315,19,Yes
316,29,Yes
317,39,Yes
318,10,Yes
319,20,Yes
320,48,Yes
321,92,No
322,77,No
323,92,No
324,76,No
325,11,Yes
326,81,No
327,61,No
328,38,Yes
329,95,No
330,20,Yes
331,8,Yes
332,29,Yes
333,81,No
334,46,Yes
335,45,Yes
336,97,No
337,36,Yes
338,11,Yes
339,2,Yes
340,1,Yes
341,38,Yes
342,77,No
343,79,No
344,83,No
345,71,No
346,91,No
347,23,Yes
348,96,No
349,97,No
350,99,No
351,1,Yes
352,4,Yes
353,4,Yes
354,35,Yes
355,47,Yes
356,75,No
357,56,No
358,86,No
359,39,Yes
360,73,No
361,96,No
362,62,No
363,16,Yes
364,25,Yes
365,47,Yes
366,31,Yes
367,51,No
368,55,No
369,56,No
370,63,No
371,86,No
372,90,No
373,91,No
374,94,No
375,32,Yes
376,19,Yes
377,6,Yes
378,4,Yes
379,87,No
380,9,Yes
381,62,No
382,99,No
383,57,No
384,68,No
385,53,No
386,53,No
387,88,No
388,16,Yes
389,70,No
390,57,No
391,8,Yes
392,34,Yes
393,61,No
394,68,No
395,92,No
396,100,No
397,26,Yes
398,59,No
399,56,No
400,56,No
401,29,Yes
402,9,Yes
403,78,No
404,88,No
405,76,No
406,74,No
407,6,Yes
408,74,No
409,83,No
410,85,No
411,89,No
412,91,No
413,94,No
414,98,No
415,100,No
416,43,Yes
417,66,No
418,4,Yes
419,60,No
420,92,No
421,94,No
422,89,No
423,52,No
424,5,Yes
425,41,Yes
426,4,Yes
427,2,Yes
428,6,Yes
429,64,No
430,72,No
431,65,No
432,59,No
433,73,No
434,98,No
435,59,No
436,84,No
437,53,No
438,38,Yes
439,21,Yes
440,1,Yes
441,67,No
442,33,Yes
443,40,Yes
444,32,Yes
445,93,No
446,37,Yes
447,65,No
448,65,No
449,15,Yes
450,64,No
451,35,Yes
452,37,Yes
453,42,Yes
454,66,No
455,19,Yes
456,41,Yes
457,90,No
458,50,No
459,14,Yes
460,58,No
461,7,Yes
462,54,No
463,37,Yes
464,63,No
465,58,No
466,87,No
467,8,Yes
468,1,Yes
469,6,Yes
470,41,Yes
471,18,Yes
472,67,No
473,78,No
474,46,Yes
475,38,Yes
476,54,No
477,35,Yes
478,92,No
479,56,No
480,4,Yes
481,26,Yes
482,4,Yes
483,61,No
484,75,No
485,22,Yes
486,36,Yes
487,93,No
488,96,No
489,45,Yes
490,40,Yes
491,48,Yes
492,50,No
493,49,Yes
494,51,No
495,62,No
496,60,No
497,54,No
498,55,No
499,82,No
500,16,Yes
501,61,No
502,4,Yes
503,64,No
504,70,No
505,46,Yes
506,76,No
507,71,No
508,97,No
509,1,Yes
510,2,Yes
511,11,Yes
512,61,No
513,34,Yes
514,71,No
515,72,No
516,78,No
517,43,Yes
518,49,Yes
519,47,Yes
520,67,No
521,51,No
522,59,No
523,48,Yes
524,51,No
525,16,Yes
526,4,Yes
527,72,No
528,75,No
529,83,No
530,41,Yes
531,90,No
532,14,Yes
533,93,No
534,96,No
535,45,Yes
536,42,Yes
537,6,Yes
538,72,No
539,44,Yes
540,43,Yes
541,78,No
542,23,Yes
543,82,No
544,5,Yes
545,20,Yes
546,54,No
547,68,No
548,55,No
549,91,No
550,93,No
551,22,Yes
552,99,No
553,12,Yes
554,5,Yes
555,54,No
556,71,No
557,77,No
558,54,No
559,84,No
560,46,Yes
561,83,No
562,97,No
563,1,Yes
564,3,Yes
565,18,Yes
566,2,Yes
567,53,No
568,70,No
569,74,No
570,76,No
571,86,No
572,87,No
573,89,No
574,74,No
575,93,No
576,71,No
577,97,No
578,58,No
579,24,Yes
580,36,Yes
581,62,No
582,66,No
583,71,No
584,72,No
585,80,No
586,48,Yes
587,59,No
588,93,No
589,60,No
590,29,Yes
591,2,Yes
592,53,No
593,28,Yes
594,59,No
595,60,No
596,80,No
597,100,No
598,40,Yes
599,24,Yes
600,77,No
601,74,No
602,13,Yes
603,86,No
604,78,No
605,18,Yes
606,52,No
607,90,No
608,86,No
609,19,Yes
610,10,Yes
611,30,Yes
612,47,Yes
613,89,No
614,11,Yes
615,83,No
616,20,Yes
617,50,No
618,70,No
619,23,Yes
620,88,No
621,70,No
622,93,No
623,33,Yes
624,47,Yes
625,43,Yes
626,95,No
627,65,No
628,99,No
629,26,Yes
630,27,Yes
631,49,Yes
632,21,Yes
633,22,Yes
634,24,Yes
635,23,Yes
636,34,Yes
637,27,Yes
638,30,Yes
639,29,Yes
640,34,Yes
641,54,No
642,57,No
643,55,No
644,67,No
645,75,No
646,89,No
647,29,Yes
648,43,Yes
649,3,Yes
650,5,Yes
651,7,Yes
652,1,Yes
653,34,Yes
654,47,Yes
655,68,No
656,76,No
657,48,Yes
658,46,Yes
659,44,Yes
660,46,Yes
661,73,No
662,55,No
663,67,No
664,72,No
665,61,No
666,68,No
667,69,No
668,71,No
669,85,No
670,52,No
671,72,No
672,47,Yes
673,78,No
674,13,Yes
675,15,Yes
676,1,Yes
677,19,Yes
678,24,Yes
679,76,No
680,50,No
681,86,No
682,47,Yes
683,49,Yes
684,77,No
685,95,No
686,97,No
687,8,Yes
688,43,Yes
689,14,Yes
690,9,Yes
691,59,No
692,77,No
693,71,No
694,44,Yes
695,69,No
696,77,No
697,28,Yes
698,54,No
699,32,Yes
700,52,No
701,79,No
702,66,No
703,13,Yes
704,41,Yes
705,25,Yes
706,68,No
707,70,No
708,73,No
709,75,No
710,84,No
711,93,No
712,97,No
713,84,No
714,13,Yes
715,16,Yes
716,66,No
717,15,Yes
718,26,Yes
719,62,No
720,85,No
721,73,No
722,58,No
723,13,Yes
724,4,Yes
725,72,No
726,42,Yes
727,40,Yes
728,24,Yes
729,62,No
730,60,No
731,30,Yes
732,10,Yes
733,37,Yes
734,57,No
735,35,Yes
736,96,No
737,21,Yes
738,74,No
739,18,Yes
740,45,Yes
741,91,No
742,94,No
743,1,Yes
744,4,Yes
745,20,Yes
746,14,Yes
747,36,Yes
748,13,Yes
749,33,Yes
750,73,No
751,79,No
752,36,Yes
753,2,Yes
754,91,No
755,54,No
756,71,No
757,2,Yes
758,8,Yes
759,11,Yes
760,17,Yes
761,61,No
762,49,Yes
763,55,No
764,11,Yes
765,48,Yes
766,39,Yes
767,34,Yes
768,9,Yes
769,41,Yes
770,87,No
771,44,Yes
772,82,No
773,43,Yes
774,1,Yes
775,79,No
776,80,No
777,84,No
778,96,No
779,98,No
780,51,No
781,72,No
782,65,No
783,44,Yes
784,16,Yes
785,43,Yes
786,96,No
787,88,No
788,51,No
789,16,Yes
790,1,Yes
791,51,No
792,64,No
793,27,Yes
794,14,Yes
795,50,No
796,37,Yes
797,4,Yes
798,8,Yes
799,75,No
800,84,No
801,82,No
802,55,No
803,81,No
804,89,No
805,73,No
806,24,Yes
807,13,Yes
808,68,No
809,84,No
810,3,Yes
811,34,Yes
812,81,No
813,66,No
814,62,No
815,1,Yes
816,7,Yes
817,41,Yes
818,72,No
819,72,No
820,36,Yes
821,85,No
822,95,No
823,35,Yes
824,19,Yes
825,50,No
826,42,Yes
827,64,No
828,40,Yes
829,33,Yes
830,100,No
831,46,Yes
832,40,Yes
833,38,Yes
834,63,No
835,71,No
836,67,No
837,17,Yes
838,30,Yes
839,86,No
840,88,No
841,62,No
842,26,Yes
843,35,Yes
844,90,No
845,47,Yes
846,68,No
847,80,No
848,20,Yes
849,50,No
850,50,No
851,75,No
852,57,No
853,10,Yes
854,53,No
855,79,No
856,8,Yes
857,85,No
858,23,Yes
859,27,Yes
860,67,No
861,45,Yes
862,12,Yes
863,73,No
864,44,Yes
865,75,No
866,94,No
867,61,No
868,100,No
869,4,Yes
870,6,Yes
871,13,Yes
872,54,No
873,68,No
874,72,No
875,93,No
876,94,No
877,57,No
878,70,No
879,76,No
880,18,Yes
881,52,No
882,53,No
883,42,Yes
884,28,Yes
885,38,Yes
886,35,Yes
887,41,Yes
888,37,Yes
889,43,Yes
890,47,Yes
891,74,No
892,86,No
893,6,Yes
894,4,Yes
895,8,Yes
896,20,Yes
897,23,Yes
898,25,Yes
899,27,Yes
900,33,Yes
901,39,Yes
902,12,Yes
903,63,No
904,20,Yes
905,31,Yes
906,90,No
907,53,No
908,60,No
909,64,No
910,7,Yes
911,1,Yes
912,13,Yes
913,1,Yes
914,46,Yes
915,35,Yes
916,81,No
917,71,No
918,78,No
919,54,No
920,65,No
921,99,No
922,98,No
923,21,Yes
924,68,No
925,71,No
926,44,Yes
927,67,No
928,89,No
929,2,Yes
930,14,Yes
931,45,Yes
932,84,No
933,20,Yes
934,92,No
935,52,No
936,42,Yes
937,99,No
938,4,Yes
939,1,Yes
940,23,Yes
941,8,Yes
942,14,Yes
943,55,No
944,37,Yes
945,20,Yes
946,87,No
947,38,Yes
948,93,No
949,43,Yes
950,54,No
951,43,Yes
952,23,Yes
953,5,Yes
954,5,Yes
955,10,Yes
956,12,Yes
957,13,Yes
958,49,Yes
959,93,No
960,67,No
961,1,Yes
962,60,No
963,54,No
964,64,No
965,52,No
966,100,No
967,16,Yes
968,4,Yes
969,1,Yes
970,59,No
971,79,No
972,10,Yes
973,71,No
974,95,No
975,65,No
976,65,No
977,5,Yes
978,58,No
979,18,Yes
980,68,No
981,87,No
982,56,No
983,1,Yes
984,29,Yes
985,13,Yes
986,21,Yes
987,46,Yes
988,77,No
989,62,No
990,76,No
991,48,Yes
992,45,Yes
993,68,No
994,3,Yes
995,67,No
996,56,No
997,83,No
998,22,Yes
999,94,No
1000,62,No
1001,36,Yes
1002,33,Yes
1003,52,No
1004,94,No
1005,47,Yes
1006,97,No
1007,56,No
1008,84,No
1009,56,No
1010,84,No
1011,7,Yes
1012,54,No
1013,68,No
1014,97,No
1015,6,Yes
1016,19,Yes
1017,60,No
1018,92,No
1019,48,Yes
1020,58,No
1021,56,No
1022,98,No
1023,84,No
1024,2,Yes
1025,40,Yes
1026,42,Yes
1027,45,Yes
1028,78,No
1029,52,No
1030,54,No
1031,57,No
1032,63,No
1033,28,Yes
1034,8,Yes
1035,12,Yes
1036,73,No
1037,43,Yes
1038,15,Yes
1039,29,Yes
1040,43,Yes
1041,60,No
1042,91,No
1043,31,Yes
1044,80,No
1045,86,No
1046,81,No
1047,91,No
1048,24,Yes
1049,5,Yes
1050,1,Yes
1051,3,Yes
1052,56,No
1053,72,No
1054,21,Yes
1055,51,No
1056,30,Yes
1057,90,No
1058,21,Yes
1059,17,Yes
1060,42,Yes
1061,91,No
1062,94,No
1063,49,Yes
1064,97,No
1065,98,No
1066,7,Yes
1067,33,Yes
1068,10,Yes
1069,27,Yes
1070,61,No
1071,54,No
1072,92,No
1073,97,No
1074,98,No
1075,59,No
1076,87,No
1077,67,No
1078,30,Yes
1079,100,No
1080,30,Yes
1081,44,Yes
1082,74,No
1083,81,No
1084,83,No
1085,87,No
1086,88,No
1087,90,No
1088,94,No
1089,96,No
1090,98,No
1091,100,No
1092,4,Yes
1093,2,Yes
1094,6,Yes
1095,71,No
1096,55,No
1097,11,Yes
1098,54,No
1099,54,No
1100,53,No
1101,87,No
1102,88,No
1103,86,No
1104,44,Yes
1105,35,Yes
1106,5,Yes
1107,21,Yes
1108,69,No
1109,62,No
1110,2,Yes
1111,21,Yes
1112,74,No
1113,82,No
1114,67,No
1115,86,No
1116,83,No
1117,82,No
1118,26,Yes
1119,12,Yes
1120,48,Yes
1121,49,Yes
1122,40,Yes
1123,74,No
1124,76,No
1125,99,No
1126,3,Yes
1127,1,Yes
1128,56,No
1129,26,Yes
1130,61,No
1131,82,No
1132,100,No
1133,22,Yes
1134,44,Yes
1135,41,Yes
1136,78,No
1137,87,No
1138,96,No
1139,64,No
1140,99,No
1141,54,No
1142,67,No
1143,88,No
1144,26,Yes
1145,22,Yes
1146,9,Yes
1147,36,Yes
1148,90,No
1149,43,Yes
1150,81,No
1151,40,Yes
1152,13,Yes
1153,54,No
1154,55,No
1155,22,Yes
1156,83,No
1157,74,No
1158,51,No
1159,92,No
1160,40,Yes
1161,47,Yes
1162,91,No
1163,64,No
1164,62,No
1165,38,Yes
1166,83,No
1167,71,No
1168,82,No
1169,66,No
1170,64,No
1171,79,No
1172,31,Yes
1173,8,Yes
1174,77,No
1175,85,No
1176,55,No
1177,95,No
1178,15,Yes
1179,3,Yes
1180,9,Yes
1181,38,Yes
1182,50,No
1183,43,Yes
1184,38,Yes
1185,55,No
1186,44,Yes
1187,51,No
1188,100,No
1189,12,Yes
1190,51,No
1191,61,No
1192,46,Yes
1193,40,Yes
1194,68,No
1195,100,No
1196,13,Yes
1197,94,No
1198,55,No
1199,100,No
1200,20,Yes
1201,26,Yes
1202,78,No
1203,46,Yes
1204,23,Yes
1205,66,No
1206,70,No
1207,75,No
1208,18,Yes
1209,17,Yes
1210,1,Yes
1211,63,No
1212,78,No
1213,45,Yes
1214,40,Yes
1215,80,No
1216,79,No
1217,92,No
1218,99,No
1219,56,No
1220,40,Yes
1221,95,No
1222,82,No
1223,100,No
1224,10,Yes
1225,6,Yes
1226,44,Yes
1227,47,Yes
1228,39,Yes
1229,88,No
1230,91,No
1231,90,No
1232,8,Yes
1233,75,No
1234,78,No
1235,55,No
1236,47,Yes
1237,98,No
1238,32,Yes
1239,1,Yes
1240,78,No
1241,53,No
1242,61,No
1243,14,Yes
1244,13,Yes
1245,26,Yes
1246,56,No
1247,66,No
1248,84,No
1249,29,Yes
1250,100,No
1251,28,Yes
1252,8,Yes
1253,93,No
1254,31,Yes
1255,90,No
1256,94,No
1257,41,Yes
1258,9,Yes
1259,13,Yes
1260,82,No
1261,15,Yes
1262,17,Yes
1263,62,No
1264,92,No
1265,47,Yes
1266,58,No
1267,14,Yes
1268,4,Yes
1269,80,No
1270,93,No
1271,61,No
1272,1,Yes
1273,35,Yes
1274,21,Yes
1275,43,Yes
1276,58,No
1277,56,No
1278,37,Yes
1279,39,Yes
1280,2,Yes
1281,21,Yes
1282,63,No
1283,92,No
1284,77,No
1285,92,No
1286,30,Yes
1287,5,Yes
1288,51,No
1289,53,No
1290,52,No
1291,77,No
1292,93,No
1293,94,No
1294,4,Yes
1295,43,Yes
1296,60,No
1297,78,No
1298,99,No
1299,58,No
1300,10,Yes
1301,71,No
1302,82,No
1303,52,No
1304,40,Yes
1305,11,Yes
1306,30,Yes
1307,53,No
1308,29,Yes
1309,55,No
1310,84,No
1311,70,No
1312,67,No
1313,100,No
1314,12,Yes
1315,7,Yes
1316,2,Yes
1317,50,No
1318,79,No
1319,23,Yes
1320,98,No
1321,100,No
1322,11,Yes
1323,13,Yes
1324,53,No
1325,86,No
1326,72,No
1327,91,No
1328,98,No
1329,3,Yes
1330,31,Yes
1331,19,Yes
1332,28,Yes
1333,20,Yes
1334,58,No
1335,41,Yes
1336,80,No
1337,47,Yes
1338,91,No
1339,54,No
1340,43,Yes
1341,8,Yes
1342,16,Yes
1343,66,No
1344,53,No
1345,84,No
1346,6,Yes
1347,47,Yes
1348,91,No
1349,32,Yes
1350,94,No
1351,99,No
1352,12,Yes
1353,21,Yes
1354,65,No
1355,42,Yes
1356,89,No
1357,7,Yes
1358,44,Yes
1359,62,No
1360,43,Yes
1361,93,No
1362,96,No
1363,40,Yes
1364,45,Yes
1365,80,No
1366,49,Yes
1367,3,Yes
1368,66,No
1369,59,No
1370,80,No
1371,83,No
1372,43,Yes
1373,35,Yes
1374,99,No
1375,81,No
1376,12,Yes
1377,3,Yes
1378,51,No
1379,82,No
1380,83,No
1381,84,No
1382,82,No
1383,88,No
1384,75,No
1385,87,No
1386,95,No
1387,97,No
1388,9,Yes
1389,31,Yes
1390,24,Yes
1391,38,Yes
1392,95,No
1393,97,No
1394,99,No
1395,2,Yes
1396,7,Yes
1397,14,Yes
1398,72,No
1399,27,Yes
1400,27,Yes
1401,94,No
1402,61,No
1403,96,No
1404,41,Yes
1405,98,No
1406,98,No
1407,1,Yes
1408,71,No
1409,60,No
1410,56,No
1411,88,No
1412,52,No
1413,13,Yes
1414,6,Yes
1415,3,Yes
1416,19,Yes
1417,6,Yes
1418,43,Yes
1419,39,Yes
1420,69,No
1421,39,Yes
1422,10,Yes
1423,49,Yes
1424,69,No
1425,87,No
1426,90,No
1427,43,Yes
1428,14,Yes
1429,2,Yes
1430,16,Yes
1431,55,No
1432,80,No
1433,72,No
1434,62,No
1435,34,Yes
1436,42,Yes
1437,86,No
1438,91,No
1439,95,No
1440,84,No
1441,100,No
1442,14,Yes
1443,34,Yes
1444,53,No
1445,42,Yes
1446,63,No
1447,74,No
1448,83,No
1449,54,No
1450,88,No
1451,23,Yes
1452,13,Yes
1453,27,Yes
1454,34,Yes
1455,59,No
1456,36,Yes
1457,81,No
1458,90,No
1459,93,No
1460,98,No
1461,40,Yes
1462,35,Yes
1463,12,Yes
1464,73,No
1465,40,Yes
1466,84,No
1467,39,Yes
1468,100,No
1469,4,Yes
1470,1,Yes
1471,22,Yes
1472,18,Yes
1473,84,No
1474,24,Yes
1475,46,Yes
1476,43,Yes
1477,1,Yes
1478,12,Yes
1479,8,Yes
1480,1,Yes
1481,63,No
1482,57,No
1483,78,No
1484,11,Yes
1485,34,Yes
1486,92,No
1487,99,No
1488,82,No
1489,4,Yes
1490,6,Yes
1491,30,Yes
1492,16,Yes
1493,87,No
1494,88,No
1495,79,No
1496,92,No
1497,73,No
1498,93,No
1499,77,No
1500,66,No
1501,7,Yes
1502,33,Yes
1503,48,Yes
1504,71,No
1505,23,Yes
1506,50,No
1507,10,Yes
1508,67,No
1509,51,No
1510,85,No
1511,69,No
1512,90,No
1513,24,Yes
1514,2,Yes
1515,1,Yes
1516,54,No
1517,16,Yes
1518,64,No
1519,38,Yes
1520,26,Yes
1521,90,No
1522,43,Yes
1523,78,No
1524,26,Yes
1525,85,No
1526,98,No
1527,86,No
1528,2,Yes
1529,19,Yes
1530,31,Yes
1531,69,No
1532,26,Yes
1533,74,No
1534,41,Yes
1535,27,Yes
1536,79,No
1537,92,No
1538,99,No
1539,60,No
1540,9,Yes
1541,42,Yes
1542,5,Yes
1543,15,Yes
1544,24,Yes
1545,79,No
1546,98,No
1547,84,No
1548,7,Yes
1549,76,No
1550,54,No
1551,9,Yes
1552,85,No
1553,88,No
1554,71,No
1555,65,No
1556,4,Yes
1557,41,Yes
1558,45,Yes
1559,90,No
1560,77,No
1561,54,No
1562,89,No
1563,43,Yes
1564,33,Yes
1565,60,No
1566,49,Yes
1567,48,Yes
1568,23,Yes
1569,31,Yes
1570,52,No
1571,13,Yes
1572,49,Yes
1573,49,Yes
1574,53,No
1575,14,Yes
1576,5,Yes
1577,15,Yes
1578,24,Yes
1579,65,No
1580,39,Yes
1581,10,Yes
1582,14,Yes
1583,26,Yes
1584,87,No
1585,17,Yes
1586,85,No
1587,3,Yes
1588,21,Yes
1589,48,Yes
1590,79,No
1591,8,Yes
1592,14,Yes
1593,54,No
1594,71,No
1595,39,Yes
1596,92,No
1597,52,No
1598,24,Yes
1599,11,Yes
1600,50,No
1601,66,No
1602,98,No
1603,5,Yes
1604,46,Yes
1605,89,No
1606,86,No
1607,1,Yes
1608,19,Yes
1609,49,Yes
1610,24,Yes
1611,94,No
1612,72,No
1613,59,No
1614,87,No
1615,100,No
1616,4,Yes
1617,82,No
1618,87,No
1619,68,No
1620,35,Yes
1621,30,Yes
1622,28,Yes
1623,37,Yes
1624,6,Yes
1625,44,Yes
1626,43,Yes
1627,31,Yes
1628,79,No
1629,17,Yes
1630,26,Yes
1631,6,Yes
1632,58,No
1633,51,No
1634,81,No
1635,20,Yes
1636,13,Yes
1637,6,Yes
1638,70,No
1639,56,No
1640,14,Yes
1641,58,No
1642,23,Yes
1643,38,Yes
1644,49,Yes
1645,79,No
1646,41,Yes
1647,90,No
1648,47,Yes
1649,77,No
1650,98,No
1651,14,Yes
1652,45,Yes
1653,5,Yes
1654,41,Yes
1655,66,No
1656,74,No
1657,36,Yes
1658,92,No
1659,47,Yes
1660,15,Yes
1661,29,Yes
1662,45,Yes
1663,1,Yes
1664,34,Yes
1665,67,No
1666,77,No
1667,87,No
1668,98,No
1669,99,No
1670,8,Yes
1671,13,Yes
1672,16,Yes
1673,21,Yes
1674,36,Yes
1675,71,No
1676,44,Yes
1677,79,No
1678,90,No
1679,16,Yes
1680,62,No
1681,35,Yes
1682,4,Yes
1683,1,Yes
1684,2,Yes
1685,29,Yes
1686,74,No
1687,87,No
1688,42,Yes
1689,57,No
1690,100,No
1691,3,Yes
1692,75,No
1693,69,No
1694,51,No
1695,52,No
1696,40,Yes
1697,92,No
1698,70,No
1699,51,No
1700,83,No
1701,76,No
1702,96,No
1703,89,No
1704,19,Yes
1705,38,Yes
1706,38,Yes
1707,85,No
1708,21,Yes
1709,95,No
1710,57,No
1711,45,Yes
1712,1,Yes
1713,62,No
1714,49,Yes
1715,88,No
1716,32,Yes
1717,69,No
1718,23,Yes
1719,1,Yes
1720,76,No
1721,52,No
1722,4,Yes
1723,31,Yes
1724,77,No
1725,46,Yes
1726,30,Yes
1727,94,No
1728,9,Yes
1729,1,Yes
1730,17,Yes
1731,78,No
1732,51,No
1733,84,No
1734,86,No
1735,68,No
1736,94,No
1737,73,No
1738,14,Yes
1739,66,No
1740,80,No
1741,28,Yes
1742,7,Yes
1743,60,No
1744,28,Yes
1745,57,No
1746,58,No
1747,47,Yes
1748,92,No
1749,13,Yes
1750,8,Yes
1751,14,Yes
1752,35,Yes
1753,11,Yes
1754,45,Yes
1755,89,No
1756,86,No
1757,18,Yes
1758,15,Yes
1759,30,Yes
1760,80,No
1761,88,No
1762,100,No
1763,20,Yes
1764,41,Yes
1765,12,Yes
1766,47,Yes
1767,90,No
1768,56,No
1769,60,No
1770,75,No
1771,89,No
1772,59,No
1773,85,No
1774,26,Yes
1775,36,Yes
1776,65,No
1777,26,Yes
1778,23,Yes
1779,4,Yes
1780,37,Yes
1781,41,Yes
1782,48,Yes
1783,96,No
1784,71,No
1785,24,Yes
1786,4,Yes
1787,40,Yes
1788,29,Yes
1789,16,Yes
1790,3,Yes
1791,88,No
1792,36,Yes
1793,39,Yes
1794,15,Yes
1795,6,Yes
1796,12,Yes
1797,76,No
1798,74,No
1799,77,No
1800,93,No
1801,55,No
1802,53,No
1803,2,Yes
1804,82,No
1805,88,No
1806,22,Yes
1807,19,Yes
1808,12,Yes
1809,48,Yes
1810,51,No
1811,13,Yes
1812,27,Yes
1813,76,No
1814,78,No
1815,6,Yes
1816,55,No
1817,64,No
1818,28,Yes
1819,75,No
1820,87,No
1821,89,No
1822,25,Yes
1823,65,No
1824,84,No
1825,59,No
1826,38,Yes
1827,42,Yes
1828,86,No
1829,51,No
1830,96,No
1831,83,No
1832,2,Yes
1833,47,Yes
1834,2,Yes
1835,6,Yes
1836,52,No
1837,50,No
1838,83,No
1839,45,Yes
1840,11,Yes
1841,24,Yes
1842,10,Yes
1843,54,No
1844,39,Yes
1845,87,No
1846,40,Yes
1847,96,No
1848,82,No
1849,25,Yes
1850,50,No
1851,32,Yes
1852,8,Yes
1853,26,Yes
1854,78,No
1855,79,No
1856,25,Yes
1857,46,Yes
1858,53,No
1859,72,No
1860,89,No
1861,25,Yes
1862,62,No
1863,99,No
1864,78,No
1865,32,Yes
1866,41,Yes
1867,8,Yes
1868,27,Yes
1869,2,Yes
1870,1,Yes
1871,53,No
1872,89,No
1873,90,No
1874,29,Yes
1875,34,Yes
1876,6,Yes
1877,68,No
1878,75,No
1879,28,Yes
1880,76,No
1881,29,Yes
1882,5,Yes
1883,1,Yes
1884,13,Yes
1885,39,Yes
1886,10,Yes
1887,4,Yes
1888,29,Yes
1889,76,No
1890,84,No
1891,87,No
1892,93,No
1893,90,No
1894,80,No
1895,18,Yes
1896,34,Yes
1897,11,Yes
1898,16,Yes
1899,29,Yes
1900,53,No
1901,56,No
1902,67,No
1903,33,Yes
1904,30,Yes
1905,79,No
1906,24,Yes
1907,52,No
1908,64,No
1909,78,No
1910,81,No
1911,22,Yes
1912,87,No
1913,66,No
1914,87,No
1915,9,Yes
1916,65,No
1917,24,Yes
1918,51,No
1919,78,No
1920,85,No
1921,94,No
1922,96,No
1923,44,Yes
1924,3,Yes
1925,21,Yes
1926,69,No
1927,72,No
1928,34,Yes
1929,35,Yes
1930,51,No
1931,34,Yes
1932,94,No
1933,87,No
1934,63,No
1935,99,No
1936,92,No
1937,6,Yes
1938,1,Yes
1939,18,Yes
1940,22,Yes
1941,61,No
1942,82,No
1943,80,No
1944,84,No
1945,64,No
1946,99,No
1947,100,No
1948,42,Yes
1949,19,Yes
1950,18,Yes
1951,69,No
1952,83,No
1953,89,No
1954,91,No
1955,72,No
1956,37,Yes
1957,19,Yes
1958,20,Yes
1959,85,No
1960,15,Yes
1961,96,No
1962,40,Yes
1963,89,No
1964,52,No
1965,12,Yes
1966,1,Yes
1967,7,Yes
1968,87,No
1969,50,No
1970,94,No
1971,96,No
1972,74,No
1973,21,Yes
1974,3,Yes
1975,56,No
1976,59,No
1977,80,No
1978,66,No
1979,93,No
1980,82,No
1981,13,Yes
1982,15,Yes
1983,41,Yes
1984,38,Yes
1985,46,Yes
1986,53,No
1987,44,Yes
1988,43,Yes
1989,64,No
1990,46,Yes
1991,68,No
1992,54,No
1993,65,No
1994,20,Yes
1995,5,Yes
1996,31,Yes
1997,32,Yes
1998,22,Yes
1999,10,Yes
2000,20,Yes
2001,83,No
2002,42,Yes
2003,91,No
2004,69,No
2005,100,No
2006,6,Yes
2007,8,Yes
2008,3,Yes
2009,25,Yes
2010,73,No
2011,81,No
2012,64,No
2013,17,Yes
2014,16,Yes
2015,100,No
2016,64,No
2017,1,Yes
2018,33,Yes
2019,32,Yes
2020,56,No
2021,80,No
2022,2,Yes
2023,75,No
2024,77,No
2025,66,No
2026,29,Yes
2027,92,No
2028,92,No
2029,98,No
2030,99,No
2031,9,Yes
2032,78,No
2033,60,No
2034,59,No
2035,88,No
2036,90,No
2037,91,No
2038,92,No
2039,55,No
2040,93,No
2041,1,Yes
2042,27,Yes
2043,20,Yes
2044,85,No
2045,69,No
2046,57,No
2047,46,Yes
2048,66,No
2049,83,No
2050,100,No
2051,25,Yes
2052,80,No
2053,89,No
2054,26,Yes
2055,79,No
2056,72,No
2057,7,Yes
2058,24,Yes
2059,91,No
2060,77,No
2061,52,No
2062,82,No
2063,43,Yes
2064,20,Yes
2065,19,Yes
2066,49,Yes
2067,93,No
2068,47,Yes
2069,3,Yes
2070,10,Yes
2071,71,No
2072,90,No
2073,58,No
2074,8,Yes
2075,6,Yes
2076,12,Yes
2077,51,No
2078,97,No
2079,88,No
2080,77,No
2081,15,Yes
2082,63,No
2083,36,Yes
2084,41,Yes
2085,22,Yes
2086,75,No
2087,20,Yes
2088,58,No
2089,74,No
2090,52,No
2091,77,No
2092,87,No
2093,32,Yes
2094,92,No
2095,73,No
2096,46,Yes
2097,19,Yes
2098,45,Yes
2099,26,Yes
2100,9,Yes
2101,2,Yes
2102,1,Yes
2103,60,No
2104,54,No
2105,27,Yes
2106,94,No
2107,13,Yes
2108,11,Yes
2109,6,Yes
2110,27,Yes
2111,80,No
2112,64,No
2113,68,No
2114,5,Yes
2115,1,Yes
2116,63,No
2117,51,No
2118,66,No
2119,70,No
2120,40,Yes
2121,17,Yes
2122,3,Yes
2123,25,Yes
2124,28,Yes
2125,53,No
2126,42,Yes
2127,67,No
2128,90,No
2129,83,No
2130,56,No
2131,74,No
2132,33,Yes
2133,16,Yes
2134,66,No
2135,63,No
2136,88,No
2137,8,Yes
2138,17,Yes
2139,17,Yes
2140,50,No
2141,94,No
2142,22,Yes
2143,71,No
2144,16,Yes
2145,2,Yes
2146,93,No
2147,47,Yes
2148,48,Yes
2149,1,Yes
2150,6,Yes
2151,26,Yes
2152,7,Yes
2153,42,Yes
2154,54,No
2155,96,No
2156,88,No
2157,6,Yes
2158,59,No
2159,96,No
2160,12,Yes
2161,1,Yes
2162,29,Yes
2163,60,No
2164,84,No
2165,91,No
2166,51,No
2167,86,No
2168,85,No
2169,98,No
2170,7,Yes
2171,29,Yes
2172,72,No
2173,90,No
2174,51,No
2175,81,No
2176,1,Yes
2177,32,Yes
2178,2,Yes
2179,86,No
2180,3,Yes
2181,71,No
2182,79,No
2183,36,Yes
2184,64,No
2185,69,No
2186,49,Yes
2187,6,Yes
2188,5,Yes
2189,10,Yes
2190,29,Yes
2191,56,No
2192,72,No
2193,86,No
2194,66,No
2195,97,No
2196,88,No
2197,73,No
2198,91,No
2199,98,No
2200,89,No
2201,47,Yes
2202,60,No
2203,25,Yes
2204,50,No
2205,51,No
2206,97,No
2207,40,Yes
2208,70,No
2209,78,No
2210,27,Yes
2211,24,Yes
2212,6,Yes
2213,8,Yes
2214,36,Yes
2215,84,No
2216,87,No
2217,52,No
2218,96,No
2219,1,Yes
2220,20,Yes
2221,47,Yes
2222,12,Yes
2223,94,No
2224,95,No
2225,53,No
2226,20,Yes
2227,7,Yes
2228,71,No
2229,86,No
2230,15,Yes
2231,89,No
2232,95,No
2233,97,No
2234,27,Yes
2235,2,Yes
2236,2,Yes
2237,43,Yes
2238,34,Yes
2239,65,No
2240,57,No
2241,77,No
2242,13,Yes
2243,16,Yes
2244,44,Yes
2245,8,Yes
2246,24,Yes
2247,69,No
2248,65,No
2249,12,Yes
2250,80,No
2251,91,No
2252,92,No
2253,60,No
2254,13,Yes
2255,22,Yes
2256,57,No
2257,40,Yes
2258,62,No
2259,57,No
2260,81,No
2261,40,Yes
2262,5,Yes
2263,92,No
2264,84,No
2265,74,No
2266,43,Yes
2267,88,No
2268,4,Yes
2269,1,Yes
2270,46,Yes
2271,91,No
2272,85,No
2273,97,No
2274,35,Yes
2275,50,No
2276,23,Yes
2277,32,Yes
2278,42,Yes
2279,84,No
2280,73,No
2281,79,No
2282,55,No
2283,70,No
2284,3,Yes
2285,17,Yes
2286,30,Yes
2287,87,No
2288,33,Yes
2289,64,No
2290,96,No
2291,61,No
2292,16,Yes
2293,10,Yes
2294,44,Yes
2295,5,Yes
2296,9,Yes
2297,86,No
2298,82,No
2299,95,No
2300,97,No
2301,17,Yes
2302,5,Yes
2303,42,Yes
2304,34,Yes
2305,18,Yes
2306,70,No
2307,50,No
2308,70,No
2309,73,No
2310,1,Yes
2311,60,No
2312,38,Yes
2313,34,Yes
2314,26,Yes
2315,36,Yes
2316,25,Yes
2317,98,No
2318,78,No
2319,34,Yes
2320,58,No
2321,11,Yes
2322,80,No
2323,48,Yes
2324,92,No
2325,92,No
2326,84,No
2327,16,Yes
2328,2,Yes
2329,39,Yes
2330,94,No
2331,12,Yes
2332,16,Yes
2333,79,No
2334,17,Yes
2335,80,No
2336,93,No
2337,29,Yes
2338,19,Yes
2339,51,No
2340,52,No
2341,78,No
2342,89,No
2343,77,No
2344,62,No
2345,72,No
2346,62,No
2347,72,No
2348,95,No
2349,1,Yes
2350,14,Yes
2351,89,No
2352,51,No
2353,46,Yes
2354,28,Yes
2355,7,Yes
2356,1,Yes
2357,17,Yes
2358,49,Yes
2359,18,Yes
2360,32,Yes
2361,24,Yes
2362,53,No
2363,1,Yes
2364,80,No
2365,95,No
2366,97,No
2367,10,Yes
2368,29,Yes
2369,1,Yes
2370,50,No
2371,95,No
2372,81,No
2373,11,Yes
2374,16,Yes
2375,33,Yes
2376,1,Yes
2377,19,Yes
2378,3,Yes
2379,72,No
2380,17,Yes
2381,42,Yes
2382,84,No
2383,92,No
2384,51,No
2385,4,Yes
2386,52,No
2387,35,Yes
2388,85,No
2389,39,Yes
2390,1,Yes
2391,76,No
2392,90,No
2393,97,No
2394,86,No
2395,7,Yes
2396,15,Yes
2397,12,Yes
2398,40,Yes
2399,46,Yes
2400,87,No
2401,7,Yes
2402,58,No
2403,60,No
2404,68,No
2405,31,Yes
2406,83,No
2407,85,No
2408,80,No
2409,33,Yes
2410,70,No
2411,71,No
2412,30,Yes
2413,69,No
2414,6,Yes
2415,13,Yes
2416,65,No
2417,37,Yes
2418,58,No
2419,53,No
2420,92,No
2421,69,No
2422,41,Yes
2423,26,Yes
2424,86,No
2425,89,No
2426,96,No
2427,90,No
2428,5,Yes
2429,31,Yes
2430,3,Yes
2431,52,No
2432,86,No
2433,80,No
2434,92,No
2435,71,No
2436,16,Yes
2437,98,No
2438,54,No
2439,18,Yes
2440,38,Yes
2441,81,No
2442,49,Yes
2443,20,Yes
2444,94,No
2445,81,No
2446,1,Yes
2447,1,Yes
2448,20,Yes
2449,64,No
2450,60,No
2451,78,No
2452,80,No
2453,61,No
2454,10,Yes
2455,61,No
2456,87,No
2457,99,No
2458,13,Yes
2459,3,Yes
2460,4,Yes
2461,44,Yes
2462,83,No
2463,14,Yes
2464,64,No
2465,62,No
2466,97,No
2467,10,Yes
2468,72,No
2469,69,No
2470,32,Yes
2471,86,No
2472,22,Yes
2473,13,Yes
2474,38,Yes
2475,15,Yes
2476,55,No
2477,95,No
2478,21,Yes
2479,22,Yes
2480,34,Yes
2481,70,No
2482,57,No
2483,91,No
2484,100,No
2485,3,Yes
2486,4,Yes
2487,9,Yes
2488,56,No
2489,65,No
2490,66,No
2491,73,No
2492,74,No
2493,90,No
2494,25,Yes
2495,36,Yes
2496,28,Yes
2497,7,Yes
2498,49,Yes
2499,50,No
2500,42,Yes
2501,61,No
2502,51,No
2503,59,No
2504,87,No
2505,92,No
2506,72,No
2507,100,No
2508,37,Yes
2509,10,Yes
2510,35,Yes
2511,80,No
2512,81,No
2513,10,Yes
2514,7,Yes
2515,62,No
2516,26,Yes
2517,86,No
2518,99,No
2519,100,No
2520,47,Yes
2521,1,Yes
2522,40,Yes
2523,56,No
2524,64,No
2525,78,No
2526,80,No
2527,36,Yes
2528,38,Yes
2529,63,No
2530,78,No
2531,50,No
2532,13,Yes
2533,7,Yes
2534,3,Yes
2535,51,No
2536,71,No
2537,29,Yes
2538,74,No
2539,87,No
2540,28,Yes
2541,3,Yes
2542,56,No
2543,62,No
2544,70,No
2545,83,No
2546,88,No
2547,67,No
2548,78,No
2549,91,No
2550,61,No
2551,64,No
2552,65,No
2553,44,Yes
2554,98,No
2555,41,Yes
2556,17,Yes
2557,3,Yes
2558,19,Yes
2559,84,No
2560,49,Yes
2561,98,No
2562,22,Yes
2563,43,Yes
2564,11,Yes
2565,31,Yes
2566,33,Yes
2567,75,No
2568,94,No
2569,85,No
2570,91,No
2571,76,No
2572,86,No
2573,32,Yes
2574,88,No
2575,44,Yes
2576,12,Yes
2577,37,Yes
2578,11,Yes
2579,6,Yes
2580,48,Yes
2581,92,No
2582,68,No
2583,83,No
2584,99,No
2585,51,No
2586,76,No
2587,64,No
2588,17,Yes
2589,88,No
2590,92,No
2591,93,No
2592,65,No
2593,57,No
2594,59,No
2595,66,No
2596,32,Yes
2597,11,Yes
2598,86,No
2599,89,No
2600,74,No
2601,96,No
2602,12,Yes
2603,21,Yes
2604,8,Yes
2605,14,Yes
2606,21,Yes
2607,72,No
2608,7,Yes
2609,89,No
2610,30,Yes
2611,84,No
2612,100,No
2613,30,Yes
2614,50,No
2615,10,Yes
2616,67,No
2617,69,No
2618,80,No
2619,55,No
2620,86,No
2621,89,No
2622,63,No
2623,100,No
2624,26,Yes
2625,4,Yes
2626,53,No
2627,55,No
2628,68,No
2629,82,No
2630,86,No
2631,77,No
2632,46,Yes
2633,38,Yes
2634,63,No
2635,45,Yes
2636,5,Yes
2637,1,Yes
2638,7,Yes
2639,23,Yes
2640,72,No
2641,38,Yes
2642,81,No
2643,72,No
2644,86,No
2645,48,Yes
2646,58,No
2647,41,Yes
2648,94,No
2649,79,No
2650,7,Yes
2651,10,Yes
2652,3,Yes
2653,40,Yes
2654,17,Yes
2655,84,No
2656,10,Yes
2657,97,No
2658,62,No
2659,53,No
2660,16,Yes
2661,61,No
2662,86,No
2663,89,No
2664,96,No
2665,99,No
2666,74,No
2667,21,Yes
2668,7,Yes
2669,53,No
2670,62,No
2671,66,No
2672,33,Yes
2673,91,No
2674,43,Yes
2675,78,No
2676,6,Yes
2677,17,Yes
2678,75,No
2679,83,No
2680,88,No
2681,14,Yes
2682,83,No
2683,57,No
2684,83,No
2685,86,No
2686,18,Yes
2687,65,No
2688,67,No
2689,68,No
2690,69,No
2691,83,No
2692,58,No
2693,98,No
2694,43,Yes
2695,3,Yes
2696,58,No
2697,14,Yes
2698,40,Yes
2699,39,Yes
2700,87,No
2701,3,Yes
2702,87,No
2703,11,Yes
2704,55,No
2705,1,Yes
2706,52,No
2707,22,Yes
2708,65,No
2709,79,No
2710,84,No
2711,90,No
2712,94,No
2713,95,No
2714,75,No
2715,27,Yes
2716,4,Yes
2717,60,No
2718,41,Yes
2719,81,No
2720,14,Yes
2721,55,No
2722,91,No
2723,44,Yes
2724,59,No
2725,94,No
2726,90,No
2727,100,No
2728,13,Yes
2729,31,Yes
2730,46,Yes
2731,44,Yes
2732,37,Yes
2733,86,No
2734,86,No
2735,52,No
2736,68,No
2737,38,Yes
2738,9,Yes
2739,3,Yes
2740,36,Yes
2741,30,Yes
2742,68,No
2743,78,No
2744,68,No
2745,6,Yes
2746,53,No
2747,33,Yes
2748,39,Yes
2749,49,Yes
2750,77,No
2751,87,No
2752,22,Yes
2753,95,No
2754,36,Yes
2755,11,Yes
2756,21,Yes
2757,18,Yes
2758,82,No
2759,85,No
2760,2,Yes
2761,65,No
2762,87,No
2763,42,Yes
2764,57,No
2765,41,Yes
2766,60,No
2767,74,No
2768,7,Yes
2769,1,Yes
2770,23,Yes
2771,42,Yes
2772,77,No
2773,86,No
2774,72,No
2775,29,Yes
2776,13,Yes
2777,1,Yes
2778,81,No
2779,52,No
2780,92,No
2781,17,Yes
2782,97,No
2783,20,Yes
2784,45,Yes
2785,57,No
2786,12,Yes
2787,70,No
2788,74,No
2789,78,No
2790,57,No
2791,69,No
2792,54,No
2793,90,No
2794,26,Yes
2795,92,No
2796,98,No
2797,52,No
2798,4,Yes
2799,1,Yes
2800,68,No
2801,86,No
2802,44,Yes
2803,92,No
2804,26,Yes
2805,97,No
2806,23,Yes
2807,18,Yes
2808,1,Yes
2809,64,No
2810,66,No
2811,76,No
2812,4,Yes
2813,90,No
2814,27,Yes
2815,92,No
2816,99,No
2817,36,Yes
2818,31,Yes
2819,73,No
2820,62,No
2821,80,No
2822,10,Yes
2823,30,Yes
2824,94,No
2825,97,No
2826,49,Yes
2827,100,No
2828,1,Yes
2829,20,Yes
2830,29,Yes
2831,57,No
2832,82,No
2833,97,No
2834,58,No
2835,35,Yes
2836,33,Yes
2837,40,Yes
2838,58,No
2839,74,No
2840,11,Yes
2841,81,No
2842,61,No
2843,93,No
2844,23,Yes
2845,68,No
2846,12,Yes
2847,13,Yes
2848,34,Yes
2849,59,No
2850,76,No
2851,82,No
2852,61,No
2853,29,Yes
2854,72,No
2855,94,No
2856,95,No
2857,75,No
2858,69,No
2859,63,No
2860,34,Yes
2861,49,Yes
2862,4,Yes
2863,65,No
2864,72,No
2865,74,No
2866,82,No
2867,32,Yes
2868,51,No
2869,63,No
2870,74,No
2871,11,Yes
2872,9,Yes
2873,45,Yes
2874,15,Yes
2875,52,No
2876,68,No
2877,70,No
2878,79,No
2879,81,No
2880,22,Yes
2881,92,No
2882,99,No
2883,1,Yes
2884,11,Yes
2885,17,Yes
2886,7,Yes
2887,42,Yes
2888,44,Yes
2889,1,Yes
2890,29,Yes
2891,32,Yes
2892,61,No
2893,65,No
2894,51,No
2895,22,Yes
2896,80,No
2897,56,No
2898,75,No
2899,1,Yes
2900,89,No
2901,63,No
2902,84,No
2903,24,Yes
2904,2,Yes
2905,66,No
2906,58,No
2907,87,No
2908,88,No
2909,89,No
2910,8,Yes
2911,58,No
2912,16,Yes
2913,13,Yes
2914,7,Yes
2915,62,No
2916,64,No
2917,71,No
2918,85,No
2919,15,Yes
2920,46,Yes
2921,87,No
2922,76,No
2923,50,No
2924,94,No
2925,62,No
2926,79,No
2927,34,Yes
2928,69,No
2929,6,Yes
2930,58,No
2931,1,Yes
2932,4,Yes
2933,58,No
2934,16,Yes
2935,24,Yes
2936,61,No
2937,71,No
2938,97,No
2939,78,No
2940,36,Yes
2941,37,Yes
2942,1,Yes
2943,52,No
2944,53,No
2945,46,Yes
2946,23,Yes
2947,71,No
2948,31,Yes
2949,26,Yes
2950,53,No
2951,100,No
2952,6,Yes
2953,1,Yes
2954,1,Yes
2955,42,Yes
2956,57,No
2957,62,No
2958,66,No
2959,70,No
2960,83,No
2961,29,Yes
2962,56,No
2963,34,Yes
2964,4,Yes
2965,1,Yes
2966,77,No
2967,83,No
2968,56,No
2969,11,Yes
2970,87,No
2971,60,No
2972,61,No
2973,91,No
2974,30,Yes
2975,52,No
2976,99,No
2977,61,No
2978,49,Yes
2979,3,Yes
2980,55,No
2981,61,No
2982,64,No
2983,51,No
2984,23,Yes
2985,27,Yes
2986,45,Yes
2987,47,Yes
2988,49,Yes
2989,51,No
2990,28,Yes
2991,74,No
2992,18,Yes
2993,11,Yes
2994,34,Yes
2995,76,No
2996,38,Yes
2997,44,Yes
2998,45,Yes
2999,47,Yes
3000,56,No
3001,58,No
3002,62,No
3003,30,Yes
3004,75,No
3005,53,No
3006,87,No
3007,89,No
3008,71,No
3009,96,No
3010,92,No
3011,38,Yes
3012,6,Yes
3013,1,Yes
3014,21,Yes
3015,13,Yes
3016,16,Yes
3017,81,No
3018,82,No
3019,83,No
3020,89,No
3021,26,Yes
3022,46,Yes
3023,64,No
3024,74,No
3025,6,Yes
3026,4,Yes
3027,21,Yes
3028,43,Yes
3029,78,No
3030,29,Yes
3031,89,No
3032,56,No
3033,85,No
3034,56,No
3035,50,No
3036,94,No
3037,87,No
3038,79,No
3039,100,No
3040,9,Yes
3041,23,Yes
3042,81,No
3043,39,Yes
3044,63,No
3045,53,No
3046,17,Yes
3047,1,Yes
3048,39,Yes
3049,3,Yes
3050,61,No
3051,48,Yes
3052,18,Yes
3053,90,No
3054,18,Yes
3055,27,Yes
3056,14,Yes
3057,12,Yes
3058,35,Yes
3059,79,No
3060,48,Yes
3061,54,No
3062,24,Yes
3063,90,No
3064,32,Yes
3065,66,No
3066,85,No
3067,59,No
3068,99,No
3069,25,Yes
3070,58,No
3071,91,No
3072,93,No
3073,36,Yes
3074,32,Yes
3075,36,Yes
3076,57,No
3077,100,No
3078,59,No
3079,25,Yes
3080,91,No
3081,87,No
3082,61,No
3083,22,Yes
3084,29,Yes
3085,38,Yes
3086,54,No
3087,32,Yes
3088,79,No
3089,97,No
3090,18,Yes
3091,40,Yes
3092,8,Yes
3093,60,No
3094,70,No
3095,21,Yes
3096,8,Yes
3097,37,Yes
3098,93,No
3099,18,Yes
3100,32,Yes
3101,75,No
3102,55,No
3103,86,No
3104,88,No
3105,76,No
3106,98,No
3107,31,Yes
3108,38,Yes
3109,41,Yes
3110,6,Yes
3111,1,Yes
3112,54,No
3113,77,No
3114,92,No
3115,60,No
3116,2,Yes
3117,47,Yes
3118,14,Yes
3119,70,No
3120,67,No
3121,30,Yes
3122,87,No
3123,31,Yes
3124,58,No
3125,98,No
3126,37,Yes
3127,27,Yes
3128,54,No
3129,56,No
3130,71,No
3131,75,No
3132,77,No
3133,84,No
3134,85,No
3135,89,No
3136,55,No
3137,59,No
3138,4,Yes
3139,24,Yes
3140,27,Yes
3141,1,Yes
3142,37,Yes
3143,1,Yes
3144,10,Yes
3145,34,Yes
3146,58,No
3147,66,No
3148,56,No
3149,1,Yes
3150,38,Yes
3151,82,No
3152,85,No
3153,8,Yes
3154,89,No
3155,90,No
3156,60,No
3157,51,No
3158,91,No
3159,37,Yes
3160,38,Yes
3161,42,Yes
3162,27,Yes
3163,41,Yes
3164,48,Yes
3165,50,No
3166,54,No
3167,15,Yes
3168,14,Yes
3169,87,No
3170,59,No
3171,94,No
3172,17,Yes
3173,22,Yes
3174,27,Yes
3175,36,Yes
3176,37,Yes
3177,3,Yes
3178,9,Yes
3179,50,No
3180,24,Yes
3181,28,Yes
3182,60,No
3183,65,No
3184,73,No
3185,74,No
3186,25,Yes
3187,51,No
3188,91,No
3189,16,Yes
3190,26,Yes
3191,4,Yes
3192,42,Yes
3193,2,Yes
3194,52,No
3195,53,No
3196,54,No
3197,56,No
3198,65,No
3199,75,No
3200,77,No
3201,88,No
3202,21,Yes
3203,34,Yes
3204,23,Yes
3205,28,Yes
3206,38,Yes
3207,5,Yes
3208,12,Yes
3209,51,No
3210,34,Yes
3211,84,No
3212,24,Yes
3213,68,No
3214,74,No
3215,22,Yes
3216,31,Yes
3217,45,Yes
3218,15,Yes
3219,77,No
3220,18,Yes
3221,97,No
3222,1,Yes
3223,23,Yes
3224,29,Yes
3225,84,No
3226,60,No
3227,31,Yes
3228,64,No
3229,83,No
3230,92,No
3231,86,No
3232,75,No
3233,8,Yes
3234,5,Yes
3235,25,Yes
3236,13,Yes
3237,42,Yes
3238,54,No
3239,9,Yes
3240,89,No
3241,76,No
3242,9,Yes
3243,95,No
3244,4,Yes
3245,21,Yes
3246,86,No
3247,42,Yes
3248,96,No
3249,34,Yes
3250,58,No
3251,27,Yes
3252,35,Yes
3253,93,No
3254,1,Yes
3255,53,No
3256,37,Yes
3257,48,Yes
3258,28,Yes
3259,53,No
3260,34,Yes
3261,76,No
3262,51,No
3263,69,No
3264,24,Yes
3265,5,Yes
3266,24,Yes
3267,79,No
3268,51,No
3269,53,No
3270,97,No
3271,89,No
3272,14,Yes
3273,8,Yes
3274,91,No
3275,15,Yes
3276,37,Yes
3277,90,No
3278,48,Yes
3279,82,No
3280,1,Yes
3281,3,Yes
3282,10,Yes
3283,11,Yes
3284,34,Yes
3285,67,No
3286,43,Yes
3287,99,No
3288,10,Yes
3289,1,Yes
3290,84,No
3291,74,No
3292,100,No
3293,1,Yes
3294,62,No
3295,71,No
3296,75,No
3297,78,No
3298,88,No
3299,49,Yes
3300,92,No
3301,44,Yes
3302,21,Yes
3303,62,No
3304,71,No
3305,28,Yes
3306,81,No
3307,40,Yes
3308,32,Yes
3309,95,No
3310,37,Yes
3311,44,Yes
3312,58,No
3313,4,Yes
3314,66,No
3315,23,Yes
3316,75,No
3317,84,No
3318,49,Yes
3319,20,Yes
3320,70,No
3321,68,No
3322,44,Yes
3323,79,No
3324,44,Yes
3325,1,Yes
3326,24,Yes
3327,5,Yes
3328,20,Yes
3329,69,No
3330,24,Yes
3331,75,No
3332,44,Yes
3333,79,No
3334,66,No
3335,52,No
3336,87,No
3337,93,No
3338,95,No
3339,96,No
3340,56,No
3341,9,Yes
3342,18,Yes
3343,11,Yes
3344,54,No
3345,57,No
3346,25,Yes
3347,72,No
3348,81,No
3349,50,No
3350,40,Yes
3351,88,No
3352,49,Yes
3353,26,Yes
3354,93,No
3355,31,Yes
3356,23,Yes
3357,100,No
3358,77,No
3359,23,Yes
3360,81,No
3361,48,Yes
3362,67,No
3363,7,Yes
3364,56,No
3365,42,Yes
3366,2,Yes
3367,95,No
3368,69,No
3369,29,Yes
3370,2,Yes
3371,18,Yes
3372,60,No
3373,16,Yes
3374,18,Yes
3375,76,No
3376,81,No
3377,82,No
3378,93,No
3379,37,Yes
3380,65,No
3381,94,No
3382,96,No
3383,5,Yes
3384,61,No
3385,74,No
3386,40,Yes
3387,89,No
3388,92,No
3389,41,Yes
3390,16,Yes
3391,99,No
3392,97,No
3393,6,Yes
3394,53,No
3395,61,No
3396,64,No
3397,70,No
3398,90,No
3399,93,No
3400,58,No
3401,27,Yes
3402,92,No
3403,100,No
3404,17,Yes
3405,34,Yes
3406,50,No
3407,72,No
3408,78,No
3409,53,No
3410,87,No
3411,91,No
3412,32,Yes
3413,55,No
3414,62,No
3415,54,No
3416,35,Yes
3417,49,Yes
3418,36,Yes
3419,66,No
3420,9,Yes
3421,46,Yes
3422,78,No
3423,37,Yes
3424,57,No
3425,2,Yes
3426,22,Yes
3427,67,No
3428,81,No
3429,68,No
3430,90,No
3431,1,Yes
3432,1,Yes
3433,2,Yes
3434,59,No
3435,8,Yes
3436,27,Yes
3437,85,No
3438,43,Yes
3439,35,Yes
3440,75,No
3441,41,Yes
3442,52,No
3443,92,No
3444,1,Yes
3445,1,Yes
3446,10,Yes
3447,40,Yes
3448,84,No
3449,67,No
3450,71,No
3451,74,No
3452,93,No
3453,84,No
3454,18,Yes
3455,42,Yes
3456,61,No
3457,90,No
3458,78,No
3459,21,Yes
3460,95,No
3461,2,Yes
3462,72,No
3463,63,No
3464,82,No
3465,42,Yes
3466,89,No
3467,42,Yes
3468,44,Yes
3469,13,Yes
3470,4,Yes
3471,8,Yes
3472,7,Yes
3473,6,Yes
3474,73,No
3475,38,Yes
3476,46,Yes
3477,35,Yes
3478,91,No
3479,97,No
3480,2,Yes
3481,57,No
3482,61,No
3483,1,Yes
3484,26,Yes
3485,77,No
3486,81,No
3487,49,Yes
3488,58,No
3489,100,No
3490,52,No
3491,20,Yes
3492,42,Yes
3493,57,No
3494,54,No
3495,25,Yes
3496,10,Yes
3497,75,No
3498,76,No
3499,13,Yes
3500,73,No
3501,91,No
3502,38,Yes
3503,97,No
3504,12,Yes
3505,47,Yes
3506,11,Yes
3507,72,No
3508,16,Yes
3509,16,Yes
3510,92,No
3511,70,No
3512,31,Yes
3513,98,No
3514,99,No
3515,23,Yes
3516,37,Yes
3517,81,No
3518,73,No
3519,53,No
3520,28,Yes
3521,29,Yes
3522,9,Yes
3523,72,No
3524,34,Yes
3525,40,Yes
3526,64,No
3527,17,Yes
3528,54,No
3529,93,No
3530,40,Yes
3531,36,Yes
3532,35,Yes
3533,71,No
3534,2,Yes
3535,44,Yes
3536,38,Yes
3537,33,Yes
3538,81,No
3539,82,No
3540,37,Yes
3541,82,No
3542,57,No
3543,65,No
3544,82,No
3545,29,Yes
3546,55,No
3547,67,No
3548,62,No
3549,83,No
3550,51,No
3551,53,No
3552,71,No
3553,72,No
3554,88,No
3555,63,No
3556,94,No
3557,100,No
3558,25,Yes
3559,18,Yes
3560,61,No
3561,32,Yes
3562,31,Yes
3563,51,No
3564,17,Yes
3565,72,No
3566,95,No
3567,78,No
3568,11,Yes
3569,7,Yes
3570,61,No
3571,62,No
3572,66,No
3573,67,No
3574,94,No
3575,95,No
3576,60,No
3577,68,No
3578,98,No
3579,14,Yes
3580,8,Yes
3581,50,No
3582,64,No
3583,73,No
3584,31,Yes
3585,78,No
3586,79,No
3587,79,No
3588,34,Yes
3589,42,Yes
3590,94,No
3591,97,No
3592,99,No
3593,22,Yes
3594,7,Yes
3595,26,Yes
3596,17,Yes
3597,88,No
3598,68,No
3599,10,Yes
3600,35,Yes
3601,100,No
3602,14,Yes
3603,22,Yes
3604,19,Yes
3605,66,No
3606,59,No
3607,61,No
3608,83,No
3609,23,Yes
3610,65,No
3611,34,Yes
3612,26,Yes
3613,30,Yes
3614,19,Yes
3615,55,No
3616,78,No
3617,40,Yes
3618,24,Yes
3619,34,Yes
3620,2,Yes
3621,1,Yes
3622,3,Yes
3623,18,Yes
3624,50,No
3625,32,Yes
3626,80,No
3627,93,No
3628,96,No
3629,60,No
3630,2,Yes
3631,15,Yes
3632,56,No
3633,65,No
3634,44,Yes
3635,30,Yes
3636,76,No
3637,83,No
3638,40,Yes
3639,54,No
3640,99,No
3641,10,Yes
3642,17,Yes
3643,27,Yes
3644,63,No
3645,84,No
3646,56,No
3647,51,No
3648,92,No
3649,9,Yes
3650,33,Yes
3651,51,No
3652,23,Yes
3653,6,Yes
3654,78,No
3655,88,No
3656,53,No
3657,76,No
3658,53,No
3659,70,No
3660,5,Yes
3661,6,Yes
3662,71,No
3663,30,Yes
3664,39,Yes
3665,63,No
3666,92,No
3667,37,Yes
3668,1,Yes
3669,10,Yes
3670,70,No
3671,43,Yes
3672,63,No
3673,63,No
3674,91,No
3675,5,Yes
3676,4,Yes
3677,46,Yes
3678,27,Yes
3679,64,No
3680,20,Yes
3681,66,No
3682,75,No
3683,44,Yes
3684,89,No
3685,59,No
3686,7,Yes
3687,53,No
3688,59,No
3689,100,No
3690,55,No
3691,50,No
3692,73,No
3693,61,No
3694,16,Yes
3695,88,No
3696,99,No
3697,100,No
3698,4,Yes
3699,5,Yes
3700,7,Yes
3701,40,Yes
3702,46,Yes
3703,54,No
3704,15,Yes
3705,73,No
3706,85,No
3707,76,No
3708,19,Yes
3709,7,Yes
3710,4,Yes
3711,35,Yes
3712,20,Yes
3713,95,No
3714,67,No
3715,39,Yes
3716,27,Yes
3717,71,No
3718,15,Yes
3719,92,No
3720,29,Yes
3721,10,Yes
3722,24,Yes
3723,28,Yes
3724,54,No
3725,93,No
3726,97,No
3727,1,Yes
3728,26,Yes
3729,16,Yes
3730,76,No
3731,28,Yes
3732,89,No
3733,87,No
3734,93,No
3735,17,Yes
3736,3,Yes
3737,2,Yes
3738,4,Yes
3739,19,Yes
3740,80,No
3741,5,Yes
3742,92,No
3743,33,Yes
3744,42,Yes
3745,95,No
3746,62,No
3747,1,Yes
3748,39,Yes
3749,67,No
3750,74,No
3751,87,No
3752,93,No
3753,82,No
3754,69,No
3755,37,Yes
3756,61,No
3757,52,No
3758,63,No
3759,44,Yes
3760,53,No
3761,1,Yes
3762,3,Yes
3763,19,Yes
3764,56,No
3765,81,No
3766,37,Yes
3767,57,No
3768,2,Yes
3769,67,No
3770,83,No
3771,9,Yes
3772,26,Yes
3773,79,No
3774,64,No
3775,58,No
3776,70,No
3777,84,No
3778,11,Yes
3779,96,No
3780,9,Yes
3781,34,Yes
3782,11,Yes
3783,16,Yes
3784,12,Yes
3785,18,Yes
3786,47,Yes
3787,19,Yes
3788,29,Yes
3789,2,Yes
3790,24,Yes
3791,81,No
3792,69,No
3793,37,Yes
3794,72,No
3795,63,No
3796,10,Yes
3797,66,No
3798,44,Yes
3799,56,No
3800,66,No
3801,48,Yes
3802,21,Yes
3803,82,No
3804,85,No
3805,94,No
3806,98,No
3807,15,Yes
3808,15,Yes
3809,11,Yes
3810,79,No
3811,62,No
3812,36,Yes
3813,17,Yes
3814,25,Yes
3815,87,No
3816,15,Yes
3817,89,No
3818,22,Yes
3819,49,Yes
3820,55,No
3821,1,Yes
3822,57,No
3823,41,Yes
3824,71,No
3825,98,No
3826,32,Yes
3827,19,Yes
3828,3,Yes
3829,78,No
3830,80,No
3831,19,Yes
3832,96,No
3833,5,Yes
3834,1,Yes
3835,3,Yes
3836,57,No
3837,56,No
3838,68,No
3839,92,No
3840,79,No
3841,54,No
3842,95,No
3843,29,Yes
3844,59,No
3845,1,Yes
3846,57,No
3847,81,No
3848,75,No
3849,92,No
3850,82,No
3851,99,No
3852,13,Yes
3853,11,Yes
3854,17,Yes
3855,62,No
3856,15,Yes
3857,91,No
3858,82,No
3859,98,No
3860,49,Yes
3861,1,Yes
3862,10,Yes
3863,36,Yes
3864,85,No
3865,81,No
3866,33,Yes
3867,47,Yes
3868,59,No
3869,30,Yes
3870,44,Yes
3871,74,No
3872,1,Yes
3873,53,No
3874,55,No
3875,11,Yes
3876,71,No
3877,77,No
3878,75,No
3879,82,No
3880,38,Yes
3881,96,No
3882,1,Yes
3883,1,Yes
3884,20,Yes
3885,56,No
3886,43,Yes
3887,79,No
3888,66,No
3889,52,No
3890,49,Yes
3891,90,No
3892,24,Yes
3893,1,Yes
3894,47,Yes
3895,7,Yes
3896,32,Yes
3897,57,No
3898,22,Yes
3899,8,Yes
3900,31,Yes
3901,84,No
3902,24,Yes
3903,93,No
3904,37,Yes
3905,18,Yes
3906,3,Yes
3907,8,Yes
3908,17,Yes
3909,3,Yes
3910,21,Yes
3911,53,No
3912,40,Yes
3913,53,No
3914,68,No
3915,95,No
3916,27,Yes
3917,45,Yes
3918,32,Yes
3919,52,No
3920,71,No
3921,31,Yes
3922,11,Yes
3923,70,No
3924,79,No
3925,63,No
3926,33,Yes
3927,95,No
3928,63,No
3929,20,Yes
3930,30,Yes
3931,81,No
3932,58,No
3933,41,Yes
3934,55,No
3935,83,No
3936,78,No
3937,52,No
3938,7,Yes
3939,21,Yes
3940,67,No
3941,33,Yes
3942,78,No
3943,50,No
3944,75,No
3945,5,Yes
3946,2,Yes
3947,16,Yes
3948,36,Yes
3949,31,Yes
3950,42,Yes
3951,47,Yes
3952,67,No
3953,85,No
3954,29,Yes
3955,7,Yes
3956,7,Yes
3957,59,No
3958,34,Yes
3959,86,No
3960,91,No
3961,62,No
3962,69,No
3963,21,Yes
3964,27,Yes
3965,49,Yes
3966,84,No
3967,41,Yes
3968,36,Yes
3969,72,No
3970,21,Yes
3971,29,Yes
3972,21,Yes
3973,81,No
3974,47,Yes
3975,18,Yes
3976,92,No
3977,24,Yes
3978,45,Yes
3979,44,Yes
3980,73,No
3981,92,No
3982,2,Yes
3983,70,No
3984,49,Yes
3985,4,Yes
3986,10,Yes
3987,65,No
3988,37,Yes
3989,34,Yes
3990,33,Yes
3991,94,No
3992,44,Yes
3993,36,Yes
3994,35,Yes
3995,44,Yes
3996,81,No
3997,42,Yes
3998,70,No
3999,90,No
4000,90,No
4001,17,Yes
4002,23,Yes
4003,72,No
4004,87,No
4005,94,No
4006,97,No
4007,9,Yes
4008,1,Yes
4009,9,Yes
4010,5,Yes
4011,67,No
4012,64,No
4013,96,No
4014,63,No
4015,30,Yes
4016,27,Yes
4017,1,Yes
4018,49,Yes
4019,32,Yes
4020,9,Yes
4021,68,No
4022,89,No
4023,62,No
4024,83,No
4025,74,No
4026,31,Yes
4027,96,No
4028,76,No
4029,98,No
4030,45,Yes
4031,3,Yes
4032,10,Yes
4033,42,Yes
4034,91,No
4035,82,No
4036,86,No
4037,12,Yes
4038,58,No
4039,74,No
4040,90,No
4041,91,No
4042,94,No
4043,54,No
4044,48,Yes
4045,59,No
4046,1,Yes
4047,1,Yes
4048,5,Yes
4049,9,Yes
4050,74,No
4051,33,Yes
4052,66,No
4053,93,No
4054,44,Yes
4055,38,Yes
4056,5,Yes
4057,10,Yes
4058,3,Yes
4059,78,No
4060,18,Yes
4061,33,Yes
4062,78,No
4063,52,No
4064,6,Yes
4065,16,Yes
4066,57,No
4067,18,Yes
4068,55,No
4069,62,No
4070,66,No
4071,41,Yes
4072,66,No
4073,59,No
4074,100,No
4075,1,Yes
4076,11,Yes
4077,76,No
4078,40,Yes
4079,82,No
4080,43,Yes
4081,51,No
4082,28,Yes
4083,19,Yes
4084,23,Yes
4085,9,Yes
4086,51,No
4087,17,Yes
4088,20,Yes
4089,50,No
4090,84,No
4091,62,No
4092,52,No
4093,27,Yes
4094,82,No
4095,3,Yes
4096,67,No
4097,43,Yes
4098,58,No
4099,52,No
4100,83,No
4101,10,Yes
4102,16,Yes
4103,7,Yes
4104,37,Yes
4105,41,Yes
4106,54,No
4107,64,No
4108,66,No
4109,54,No
4110,14,Yes
4111,88,No
4112,47,Yes
4113,19,Yes
4114,92,No
4115,96,No
4116,98,No
4117,29,Yes
4118,56,No
4119,11,Yes
4120,10,Yes
4121,4,Yes
4122,24,Yes
4123,79,No
4124,36,Yes
4125,65,No
4126,64,No
4127,96,No
4128,20,Yes
4129,1,Yes
4130,46,Yes
4131,9,Yes
4132,86,No
4133,56,No
4134,46,Yes
4135,3,Yes
4136,1,Yes
4137,33,Yes
4138,67,No
4139,16,Yes
4140,82,No
4141,99,No
4142,18,Yes
4143,12,Yes
4144,40,Yes
4145,20,Yes
4146,97,No
4147,12,Yes
4148,40,Yes
4149,73,No
4150,43,Yes
4151,75,No
4152,90,No
4153,73,No
4154,88,No
4155,27,Yes
4156,30,Yes
4157,19,Yes
4158,33,Yes
4159,88,No
4160,45,Yes
4161,33,Yes
4162,91,No
4163,37,Yes
4164,69,No
4165,1,Yes
4166,17,Yes
4167,24,Yes
4168,28,Yes
4169,69,No
4170,53,No
4171,70,No
4172,2,Yes
4173,60,No
4174,43,Yes
4175,3,Yes
4176,2,Yes
4177,12,Yes
4178,66,No
4179,48,Yes
4180,71,No
4181,94,No
4182,96,No
4183,7,Yes
4184,10,Yes
4185,24,Yes
4186,72,No
4187,81,No
4188,56,No
4189,51,No
4190,76,No
4191,1,Yes
4192,16,Yes
4193,33,Yes
4194,40,Yes
4195,15,Yes
4196,22,Yes
4197,54,No
4198,98,No
4199,67,No
4200,28,Yes
4201,36,Yes
4202,42,Yes
4203,47,Yes
4204,58,No
4205,60,No
4206,67,No
4207,73,No
4208,77,No
4209,92,No
4210,62,No
4211,99,No
4212,9,Yes
4213,5,Yes
4214,6,Yes
4215,68,No
4216,27,Yes
4217,39,Yes
4218,72,No
4219,72,No
4220,42,Yes
4221,25,Yes
4222,84,No
4223,30,Yes
4224,9,Yes
4225,16,Yes
4226,19,Yes
4227,10,Yes
4228,13,Yes
4229,57,No
4230,65,No
4231,31,Yes
4232,36,Yes
4233,88,No
4234,61,No
4235,96,No
4236,10,Yes
4237,8,Yes
4238,24,Yes
4239,48,Yes
4240,95,No
4241,96,No
4242,48,Yes
4243,37,Yes
4244,12,Yes
4245,7,Yes
4246,18,Yes
4247,66,No
4248,76,No
4249,19,Yes
4250,47,Yes
4251,92,No
4252,27,Yes
4253,43,Yes
4254,33,Yes
4255,7,Yes
4256,80,No
4257,81,No
4258,79,No
4259,52,No
4260,37,Yes
4261,15,Yes
4262,29,Yes
4263,40,Yes
4264,85,No
4265,54,No
4266,96,No
4267,97,No
4268,96,No
4269,89,No
4270,5,Yes
4271,61,No
4272,46,Yes
4273,40,Yes
4274,56,No
4275,43,Yes
4276,60,No
4277,67,No
4278,95,No
4279,78,No
4280,62,No
4281,12,Yes
4282,88,No
4283,82,No
4284,63,No
4285,77,No
4286,96,No
4287,22,Yes
4288,1,Yes
4289,18,Yes
4290,38,Yes
4291,47,Yes
4292,57,No
4293,61,No
4294,88,No
4295,1,Yes
4296,43,Yes
4297,37,Yes
4298,52,No
4299,41,Yes
4300,11,Yes
4301,14,Yes
4302,14,Yes
4303,26,Yes
4304,37,Yes
4305,7,Yes
4306,32,Yes
4307,95,No
4308,81,No
4309,1,Yes
4310,7,Yes
4311,3,Yes
4312,56,No
4313,70,No
4314,77,No
4315,57,No
4316,73,No
4317,9,Yes
4318,26,Yes
4319,33,Yes
4320,87,No
4321,88,No
4322,41,Yes
4323,70,No
4324,81,No
4325,64,No
4326,7,Yes
4327,15,Yes
4328,83,No
4329,97,No
4330,86,No
4331,25,Yes
4332,1,Yes
4333,11,Yes
4334,18,Yes
4335,19,Yes
4336,58,No
4337,65,No
4338,98,No
4339,50,No
4340,33,Yes
4341,29,Yes
4342,3,Yes
4343,49,Yes
4344,17,Yes
4345,68,No
4346,95,No
4347,91,No
4348,6,Yes
4349,32,Yes
4350,23,Yes
4351,54,No
4352,62,No
4353,19,Yes
4354,67,No
4355,8,Yes
4356,90,No
4357,96,No
4358,55,No
4359,86,No
4360,17,Yes
4361,17,Yes
4362,14,Yes
4363,93,No
4364,89,No
4365,52,No
4366,17,Yes
4367,5,Yes
4368,37,Yes
4369,62,No
4370,5,Yes
4371,90,No
4372,69,No
4373,73,No
4374,71,No
4375,52,No
4376,63,No
4377,62,No
4378,53,No
4379,46,Yes
4380,75,No
4381,38,Yes
4382,19,Yes
4383,41,Yes
4384,39,Yes
4385,95,No
4386,68,No
4387,98,No
4388,1,Yes
4389,1,Yes
4390,7,Yes
4391,63,No
4392,7,Yes
4393,31,Yes
4394,72,No
4395,95,No
4396,20,Yes
4397,8,Yes
4398,17,Yes
4399,61,No
4400,48,Yes
4401,99,No
4402,9,Yes
4403,13,Yes
4404,5,Yes
4405,90,No
4406,87,No
4407,41,Yes
4408,26,Yes
4409,23,Yes
4410,24,Yes
4411,22,Yes
4412,55,No
4413,34,Yes
4414,57,No
4415,99,No
4416,5,Yes
4417,67,No
4418,59,No
4419,97,No
4420,17,Yes
4421,1,Yes
4422,11,Yes
4423,1,Yes
4424,7,Yes
4425,68,No
4426,15,Yes
4427,42,Yes
4428,8,Yes
4429,29,Yes
4430,26,Yes
4431,40,Yes
4432,43,Yes
4433,50,No
4434,70,No
4435,31,Yes
4436,73,No
4437,1,Yes
4438,9,Yes
4439,21,Yes
4440,66,No
4441,42,Yes
4442,46,Yes
4443,46,Yes
4444,84,No
4445,32,Yes
4446,86,No
4447,20,Yes
4448,2,Yes
4449,2,Yes
4450,34,Yes
4451,88,No
4452,46,Yes
4453,27,Yes
4454,18,Yes
4455,32,Yes
4456,7,Yes
4457,68,No
4458,64,No
4459,6,Yes
4460,54,No
4461,31,Yes
4462,99,No
4463,53,No
4464,9,Yes
4465,78,No
4466,34,Yes
4467,50,No
4468,37,Yes
4469,46,Yes
4470,58,No
4471,38,Yes
4472,6,Yes
4473,65,No
4474,70,No
4475,76,No
4476,46,Yes
4477,48,Yes
4478,76,No
4479,92,No
4480,61,No
4481,26,Yes
4482,1,Yes
4483,9,Yes
4484,16,Yes
4485,8,Yes
4486,79,No
4487,65,No
4488,10,Yes
4489,75,No
4490,40,Yes
4491,1,Yes
4492,36,Yes
4493,30,Yes
4494,68,No
4495,56,No
4496,71,No
4497,6,Yes
4498,1,Yes
4499,6,Yes
4500,49,Yes
4501,55,No
4502,83,No
4503,88,No
4504,27,Yes
4505,42,Yes
4506,25,Yes
4507,42,Yes
4508,28,Yes
4509,97,No
4510,2,Yes
4511,19,Yes
4512,31,Yes
4513,3,Yes
4514,58,No
4515,22,Yes
4516,99,No
4517,91,No
4518,24,Yes
4519,12,Yes
4520,69,No
4521,92,No
4522,61,No
4523,99,No
4524,46,Yes
4525,1,Yes
4526,1,Yes
4527,30,Yes
4528,53,No
4529,90,No
4530,44,Yes
4531,56,No
4532,97,No
4533,61,No
4534,10,Yes
4535,4,Yes
4536,17,Yes
4537,37,Yes
4538,18,Yes
4539,73,No
4540,15,Yes
4541,86,No
4542,67,No
4543,21,Yes
4544,4,Yes
4545,13,Yes
4546,1,Yes
4547,24,Yes
4548,56,No
4549,18,Yes
4550,54,No
4551,66,No
4552,2,Yes
4553,54,No
4554,1,Yes
4555,32,Yes
4556,80,No
4557,36,Yes
4558,25,Yes
4559,6,Yes
4560,99,No
4561,79,No
4562,14,Yes
4563,3,Yes
4564,32,Yes
4565,29,Yes
4566,49,Yes
4567,61,No
4568,99,No
4569,62,No
4570,1,Yes
4571,10,Yes
4572,24,Yes
4573,83,No
4574,66,No
4575,54,No
4576,84,No
4577,56,No
4578,76,No
4579,65,No
4580,57,No
4581,87,No
4582,43,Yes
4583,94,No
4584,71,No
4585,84,No
4586,12,Yes
4587,59,No
4588,6,Yes
4589,83,No
4590,93,No
4591,59,No
4592,98,No
4593,12,Yes
4594,17,Yes
4595,9,Yes
4596,29,Yes
4597,53,No
4598,43,Yes
4599,61,No
4600,94,No
4601,71,No
4602,87,No
4603,13,Yes
4604,1,Yes
4605,2,Yes
4606,14,Yes
4607,9,Yes
4608,44,Yes
4609,42,Yes
4610,84,No
4611,86,No
4612,39,Yes
4613,81,No
4614,5,Yes
4615,83,No
4616,31,Yes
4617,61,No
4618,91,No
4619,2,Yes
4620,22,Yes
4621,61,No
4622,92,No
4623,64,No
4624,77,No
4625,78,No
4626,2,Yes
4627,5,Yes
4628,14,Yes
4629,1,Yes
4630,11,Yes
4631,83,No
4632,51,No
4633,73,No
4634,54,No
4635,86,No
4636,60,No
4637,82,No
4638,88,No
4639,34,Yes
4640,36,Yes
4641,68,No
4642,76,No
4643,64,No
4644,4,Yes
4645,9,Yes
4646,1,Yes
4647,41,Yes
4648,58,No
4649,61,No
4650,75,No
4651,28,Yes
4652,18,Yes
4653,8,Yes
4654,47,Yes
4655,61,No
4656,74,No
4657,89,No
4658,20,Yes
4659,6,Yes
4660,3,Yes
4661,9,Yes
4662,21,Yes
4663,72,No
4664,59,No
4665,90,No
4666,56,No
4667,14,Yes
4668,35,Yes
4669,77,No
4670,61,No
4671,14,Yes
4672,61,No
4673,8,Yes
4674,19,Yes
4675,9,Yes
4676,78,No
4677,80,No
4678,64,No
4679,64,No
4680,82,No
4681,83,No
4682,32,Yes
4683,90,No
4684,54,No
4685,39,Yes
4686,1,Yes
4687,28,Yes
4688,16,Yes
4689,35,Yes
4690,86,No
4691,87,No
4692,58,No
4693,58,No
4694,66,No
4695,58,No
4696,89,No
4697,40,Yes
4698,6,Yes
4699,28,Yes
4700,47,Yes
4701,55,No
4702,41,Yes
4703,51,No
4704,10,Yes
4705,3,Yes
4706,10,Yes
4707,38,Yes
4708,21,Yes
4709,9,Yes
4710,12,Yes
4711,8,Yes
4712,68,No
4713,92,No
4714,92,No
4715,41,Yes
4716,41,Yes
4717,57,No
4718,50,No
4719,8,Yes
4720,11,Yes
4721,59,No
4722,83,No
4723,45,Yes
4724,92,No
4725,68,No
4726,14,Yes
4727,71,No
4728,54,No
4729,50,No
4730,34,Yes
4731,65,No
4732,81,No
4733,7,Yes
4734,46,Yes
4735,95,No
4736,7,Yes
4737,1,Yes
4738,77,No
4739,89,No
4740,50,No
4741,35,Yes
4742,3,Yes
4743,35,Yes
4744,33,Yes
4745,84,No
4746,85,No
4747,57,No
4748,31,Yes
4749,65,No
4750,37,Yes
4751,62,No
4752,79,No
4753,8,Yes
4754,62,No
4755,48,Yes
4756,71,No
4757,96,No
4758,98,No
4759,2,Yes
4760,89,No
4761,87,No
4762,48,Yes
4763,40,Yes
4764,7,Yes
4765,43,Yes
4766,17,Yes
4767,97,No
4768,43,Yes
4769,100,No
4770,7,Yes
4771,64,No
4772,94,No
4773,33,Yes
4774,96,No
4775,100,No
4776,9,Yes
4777,1,Yes
4778,13,Yes
4779,67,No
4780,81,No
4781,84,No
4782,88,No
4783,89,No
4784,40,Yes
4785,90,No
4786,99,No
4787,97,No
4788,3,Yes
4789,15,Yes
4790,31,Yes
4791,6,Yes
4792,78,No
4793,25,Yes
4794,80,No
4795,66,No
4796,82,No
4797,10,Yes
4798,3,Yes
4799,1,Yes
4800,7,Yes
4801,87,No
4802,3,Yes
4803,34,Yes
4804,66,No
4805,50,No
4806,4,Yes
4807,7,Yes
4808,6,Yes
4809,20,Yes
4810,60,No
4811,12,Yes
4812,54,No
4813,77,No
4814,58,No
4815,84,No
4816,99,No
4817,98,No
4818,16,Yes
4819,1,Yes
4820,1,Yes
4821,59,No
4822,24,Yes
4823,14,Yes
4824,70,No
4825,58,No
4826,6,Yes
4827,5,Yes
4828,19,Yes
4829,18,Yes
4830,80,No
4831,78,No
4832,78,No
4833,53,No
4834,85,No
4835,45,Yes
4836,64,No
4837,31,Yes
4838,100,No
4839,10,Yes
4840,34,Yes
4841,29,Yes
4842,78,No
4843,76,No
4844,51,No
4845,53,No
4846,95,No
4847,50,No
4848,54,No
4849,82,No
4850,1,Yes
4851,15,Yes
4852,4,Yes
4853,61,No
4854,45,Yes
4855,48,Yes
4856,41,Yes
4857,32,Yes
4858,6,Yes
4859,41,Yes
4860,21,Yes
4861,49,Yes
4862,83,No
4863,37,Yes
4864,64,No
4865,1,Yes
4866,57,No
4867,93,No
4868,53,No
4869,1,Yes
4870,99,No
4871,47,Yes
4872,79,No
4873,79,No
4874,85,No
4875,12,Yes
4876,12,Yes
4877,75,No
4878,12,Yes
4879,45,Yes
4880,31,Yes
4881,1,Yes
4882,3,Yes
4883,15,Yes
4884,57,No
4885,55,No
4886,90,No
4887,42,Yes
4888,94,No
4889,71,No
4890,43,Yes
4891,23,Yes
4892,60,No
4893,80,No
4894,91,No
4895,93,No
4896,51,No
4897,100,No
4898,7,Yes
4899,10,Yes
4900,80,No
4901,71,No
4902,93,No
4903,78,No
4904,59,No
4905,3,Yes
4906,7,Yes
4907,31,Yes
4908,69,No
4909,21,Yes
4910,56,No
4911,29,Yes
4912,77,No
4913,65,No
4914,92,No
4915,35,Yes
4916,43,Yes
4917,92,No
4918,73,No
4919,100,No
4920,13,Yes
4921,61,No
4922,86,No
4923,35,Yes
4924,87,No
4925,21,Yes
4926,4,Yes
4927,63,No
4928,24,Yes
4929,58,No
4930,38,Yes
4931,13,Yes
4932,35,Yes
4933,85,No
4934,19,Yes
4935,9,Yes
4936,48,Yes
4937,69,No
4938,48,Yes
4939,97,No
4940,47,Yes
4941,1,Yes
4942,1,Yes
4943,16,Yes
4944,1,Yes
4945,75,No
4946,80,No
4947,55,No
4948,79,No
4949,88,No
4950,41,Yes
4951,7,Yes
4952,77,No
4953,48,Yes
4954,5,Yes
4955,7,Yes
4956,6,Yes
4957,1,Yes
4958,36,Yes
4959,38,Yes
4960,60,No
4961,85,No
4962,59,No
4963,60,No
4964,9,Yes
4965,23,Yes
4966,18,Yes
4967,28,Yes
4968,33,Yes
4969,8,Yes
4970,20,Yes
4971,62,No
4972,90,No
4973,99,No
4974,79,No
4975,3,Yes
4976,2,Yes
4977,5,Yes
4978,1,Yes
4979,56,No
4980,61,No
4981,42,Yes
4982,88,No
4983,22,Yes
4984,5,Yes
4985,8,Yes
4986,39,Yes
4987,41,Yes
4988,4,Yes
4989,58,No
4990,94,No
4991,51,No
4992,69,No
4993,56,No
4994,66,No
4995,85,No
4996,72,No
4997,50,No
4998,94,No
4999,86,No
5000,97,No
5001,61,No
5002,100,No
5003,14,Yes
5004,67,No
5005,77,No
5006,49,Yes
5007,11,Yes
5008,1,Yes
5009,6,Yes
5010,6,Yes
5011,64,No
5012,44,Yes
5013,87,No
5014,15,Yes
5015,30,Yes
5016,41,Yes
5017,7,Yes
5018,87,No
5019,60,No
5020,8,Yes
5021,58,No
5022,21,Yes
5023,1,Yes
5024,60,No
5025,46,Yes
5026,32,Yes
5027,54,No
5028,52,No
5029,39,Yes
5030,36,Yes
5031,23,Yes
5032,79,No
5033,28,Yes
5034,34,Yes
5035,13,Yes
5036,45,Yes
5037,69,No
5038,39,Yes
5039,35,Yes
5040,8,Yes
5041,36,Yes
5042,48,Yes
5043,43,Yes
5044,17,Yes
5045,62,No
5046,57,No
5047,32,Yes
5048,60,No
5049,4,Yes
5050,67,No
5051,72,No
5052,26,Yes
5053,60,No
5054,26,Yes
5055,30,Yes
5056,10,Yes
5057,2,Yes
5058,6,Yes
5059,1,Yes
5060,31,Yes
5061,19,Yes
5062,34,Yes
5063,64,No
5064,53,No
5065,67,No
5066,37,Yes
5067,68,No
5068,59,No
5069,72,No
5070,94,No
5071,2,Yes
5072,14,Yes
5073,20,Yes
5074,33,Yes
5075,44,Yes
5076,42,Yes
5077,70,No
5078,57,No
5079,42,Yes
5080,84,No
5081,81,No
5082,72,No
5083,25,Yes
5084,41,Yes
5085,51,No
5086,95,No
5087,59,No
5088,37,Yes
5089,85,No
5090,55,No
5091,3,Yes
5092,78,No
5093,49,Yes
5094,30,Yes
5095,90,No
5096,14,Yes
5097,12,Yes
5098,41,Yes
5099,31,Yes
5100,97,No
5101,55,No
5102,100,No
5103,6,Yes
5104,2,Yes
5105,11,Yes
5106,45,Yes
5107,64,No
5108,98,No
5109,7,Yes
5110,23,Yes
5111,8,Yes
5112,63,No
5113,72,No
5114,54,No
5115,65,No
5116,75,No
5117,3,Yes
5118,13,Yes
5119,6,Yes
5120,68,No
5121,47,Yes
5122,47,Yes
5123,52,No
5124,74,No
5125,38,Yes
5126,29,Yes
5127,51,No
5128,68,No
5129,19,Yes
5130,17,Yes
5131,71,No
5132,78,No
5133,86,No
5134,65,No
5135,67,No
5136,4,Yes
5137,68,No
5138,67,No
5139,55,No
5140,15,Yes
5141,2,Yes
5142,1,Yes
5143,10,Yes
5144,76,No
5145,28,Yes
5146,96,No
5147,42,Yes
5148,40,Yes
5149,9,Yes
5150,29,Yes
5151,33,Yes
5152,37,Yes
5153,98,No
5154,3,Yes
5155,9,Yes
5156,28,Yes
5157,55,No
5158,22,Yes
5159,51,No
5160,93,No
5161,14,Yes
5162,6,Yes
5163,78,No
5164,29,Yes
5165,18,Yes
5166,35,Yes
5167,48,Yes
5168,35,Yes
5169,92,No
5170,93,No
5171,95,No
5172,50,No
5173,67,No
5174,39,Yes
5175,3,Yes
5176,43,Yes
5177,59,No
5178,70,No
5179,66,No
5180,60,No
5181,14,Yes
5182,87,No
5183,36,Yes
5184,8,Yes
5185,20,Yes
5186,38,Yes
5187,29,Yes
5188,92,No
5189,1,Yes
5190,7,Yes
5191,41,Yes
5192,7,Yes
5193,56,No
5194,14,Yes
5195,34,Yes
5196,13,Yes
5197,49,Yes
5198,59,No
5199,2,Yes
5200,30,Yes
5201,27,Yes
5202,90,No
5203,32,Yes
5204,65,No
5205,84,No
5206,81,No
5207,31,Yes
5208,82,No
5209,2,Yes
5210,22,Yes
5211,64,No
5212,100,No
5213,19,Yes
5214,54,No
5215,79,No
5216,23,Yes
5217,73,No
5218,66,No
5219,64,No
5220,47,Yes
5221,75,No
5222,8,Yes
5223,2,Yes
5224,84,No
5225,93,No
5226,94,No
5227,78,No
5228,60,No
5229,15,Yes
5230,48,Yes
5231,2,Yes
5232,75,No
5233,16,Yes
5234,34,Yes
5235,88,No
5236,32,Yes
5237,20,Yes
5238,2,Yes
5239,23,Yes
5240,32,Yes
5241,99,No
5242,29,Yes
5243,1,Yes
5244,6,Yes
5245,4,Yes
5246,52,No
5247,69,No
5248,43,Yes
5249,66,No
5250,97,No
5251,24,Yes
5252,63,No
5253,89,No
5254,46,Yes
5255,59,No
5256,3,Yes
5257,1,Yes
5258,7,Yes
5259,8,Yes
5260,13,Yes
5261,47,Yes
5262,48,Yes
5263,3,Yes
5264,51,No
5265,75,No
5266,53,No
5267,56,No
5268,19,Yes
5269,20,Yes
5270,8,Yes
5271,14,Yes
5272,16,Yes
5273,64,No
5274,37,Yes
5275,60,No
5276,4,Yes
5277,21,Yes
5278,23,Yes
5279,27,Yes
5280,39,Yes
5281,91,No
5282,39,Yes
5283,65,No
5284,56,No
5285,89,No
5286,65,No
5287,24,Yes
5288,31,Yes
5289,46,Yes
5290,87,No
5291,89,No
5292,40,Yes
5293,11,Yes
5294,61,No
5295,41,Yes
5296,12,Yes
5297,97,No
5298,81,No
5299,64,No
5300,70,No
5301,5,Yes
5302,10,Yes
5303,29,Yes
5304,85,No
5305,85,No
5306,60,No
5307,91,No
5308,97,No
5309,50,No
5310,1,Yes
5311,16,Yes
5312,3,Yes
5313,38,Yes
5314,18,Yes
5315,27,Yes
5316,91,No
5317,66,No
5318,88,No
5319,3,Yes
5320,9,Yes
5321,72,No
5322,30,Yes
5323,33,Yes
5324,100,No
5325,19,Yes
5326,32,Yes
5327,37,Yes
5328,20,Yes
5329,68,No
5330,34,Yes
5331,96,No
5332,99,No
5333,13,Yes
5334,71,No
5335,17,Yes
5336,41,Yes
5337,51,No
5338,3,Yes
5339,32,Yes
5340,86,No
5341,88,No
5342,94,No
5343,95,No
5344,30,Yes
5345,13,Yes
5346,31,Yes
5347,54,No
5348,54,No
5349,71,No
5350,86,No
5351,52,No
5352,64,No
5353,1,Yes
5354,28,Yes
5355,22,Yes
5356,90,No
5357,40,Yes
5358,99,No
5359,86,No
5360,22,Yes
5361,1,Yes
5362,59,No
5363,47,Yes
5364,3,Yes
5365,77,No
5366,5,Yes
5367,82,No
5368,25,Yes
5369,30,Yes
5370,31,Yes
5371,39,Yes
5372,27,Yes
5373,17,Yes
5374,94,No
5375,93,No
5376,39,Yes
5377,7,Yes
5378,17,Yes
5379,14,Yes
5380,21,Yes
5381,6,Yes
5382,75,No
5383,16,Yes
5384,49,Yes
5385,22,Yes
5386,67,No
5387,69,No
5388,33,Yes
5389,58,No
5390,68,No
5391,81,No
5392,20,Yes
5393,71,No
5394,92,No
5395,89,No
5396,62,No
5397,77,No
5398,97,No
5399,92,No
5400,98,No
5401,19,Yes
5402,15,Yes
5403,32,Yes
5404,33,Yes
5405,10,Yes
5406,95,No
5407,57,No
5408,12,Yes
5409,1,Yes
5410,20,Yes
5411,23,Yes
5412,76,No
5413,26,Yes
5414,75,No
5415,9,Yes
5416,51,No
5417,38,Yes
5418,97,No
5419,79,No
5420,81,No
5421,31,Yes
5422,38,Yes
5423,76,No
5424,61,No
5425,74,No
5426,8,Yes
5427,93,No
5428,35,Yes
5429,74,No
5430,75,No
5431,21,Yes
5432,33,Yes
5433,39,Yes
5434,8,Yes
5435,55,No
5436,28,Yes
5437,94,No
5438,16,Yes
5439,2,Yes
5440,4,Yes
5441,5,Yes
5442,4,Yes
5443,20,Yes
5444,31,Yes
5445,51,No
5446,89,No
5447,29,Yes
5448,11,Yes
5449,79,No
5450,39,Yes
5451,5,Yes
5452,2,Yes
5453,16,Yes
5454,80,No
5455,86,No
5456,87,No
5457,68,No
5458,75,No
5459,52,No
5460,92,No
5461,1,Yes
5462,5,Yes
5463,57,No
5464,43,Yes
5465,93,No
5466,52,No
5467,87,No
5468,56,No
5469,4,Yes
5470,1,Yes
5471,39,Yes
5472,66,No
5473,93,No
5474,35,Yes
5475,15,Yes
5476,5,Yes
5477,31,Yes
5478,11,Yes
5479,39,Yes
5480,63,No
5481,79,No
5482,58,No
5483,58,No
5484,46,Yes
5485,4,Yes
5486,12,Yes
5487,11,Yes
5488,32,Yes
5489,1,Yes
5490,19,Yes
5491,36,Yes
5492,25,Yes
5493,48,Yes
5494,41,Yes
5495,18,Yes
5496,34,Yes
5497,63,No
5498,70,No
5499,62,No
5500,50,No
5501,68,No
5502,100,No
5503,1,Yes
5504,24,Yes
5505,45,Yes
5506,81,No
5507,35,Yes
5508,7,Yes
5509,56,No
5510,8,Yes
5511,56,No
5512,37,Yes
5513,30,Yes
5514,27,Yes
5515,15,Yes
5516,85,No
5517,2,Yes
5518,59,No
5519,55,No
5520,31,Yes
5521,1,Yes
5522,69,No
5523,97,No
5524,32,Yes
5525,79,No
5526,35,Yes
5527,44,Yes
5528,30,Yes
5529,68,No
5530,64,No
5531,93,No
5532,92,No
5533,98,No
5534,63,No
5535,87,No
5536,3,Yes
5537,22,Yes
5538,23,Yes
5539,19,Yes
5540,32,Yes
5541,38,Yes
5542,57,No
5543,58,No
5544,7,Yes
5545,5,Yes
5546,22,Yes
5547,14,Yes
5548,55,No
5549,36,Yes
5550,6,Yes
5551,2,Yes
5552,76,No
5553,49,Yes
5554,9,Yes
5555,26,Yes
5556,7,Yes
5557,24,Yes
5558,42,Yes
5559,68,No
5560,94,No
5561,7,Yes
5562,15,Yes
5563,37,Yes
5564,30,Yes
5565,79,No
5566,5,Yes
5567,20,Yes
5568,76,No
5569,42,Yes
5570,6,Yes
5571,65,No
5572,28,Yes
5573,53,No
5574,79,No
5575,73,No
5576,26,Yes
5577,21,Yes
5578,69,No
5579,66,No
5580,86,No
5581,61,No
5582,14,Yes
5583,18,Yes
5584,24,Yes
5585,70,No
5586,97,No
5587,44,Yes
5588,78,No
5589,1,Yes
5590,14,Yes
5591,40,Yes
5592,89,No
5593,96,No
5594,71,No
5595,79,No
5596,9,Yes
5597,2,Yes
5598,56,No
5599,65,No
5600,15,Yes
5601,29,Yes
5602,57,No
5603,75,No
5604,99,No
5605,87,No
5606,4,Yes
5607,14,Yes
5608,46,Yes
5609,6,Yes
5610,1,Yes
5611,30,Yes
5612,4,Yes
5613,35,Yes
5614,9,Yes
5615,73,No
5616,55,No
5617,63,No
5618,40,Yes
5619,71,No
5620,9,Yes
5621,10,Yes
5622,28,Yes
5623,71,No
5624,74,No
5625,52,No
5626,85,No
5627,54,No
5628,1,Yes
5629,35,Yes
5630,36,Yes
5631,66,No
5632,39,Yes
5633,63,No
5634,53,No
5635,4,Yes
5636,16,Yes
5637,29,Yes
5638,32,Yes
5639,85,No
5640,46,Yes
5641,38,Yes
5642,51,No
5643,72,No
5644,15,Yes
5645,77,No
5646,59,No
5647,85,No
5648,72,No
5649,55,No
5650,81,No
5651,95,No
5652,7,Yes
5653,48,Yes
5654,71,No
5655,84,No
5656,33,Yes
5657,37,Yes
5658,24,Yes
5659,13,Yes
5660,3,Yes
5661,5,Yes
5662,45,Yes
5663,83,No
5664,98,No
5665,69,No
5666,64,No
5667,8,Yes
5668,29,Yes
5669,39,Yes
5670,45,Yes
5671,1,Yes
5672,41,Yes
5673,4,Yes
5674,24,Yes
5675,63,No
5676,33,Yes
5677,10,Yes
5678,60,No
5679,6,Yes
5680,2,Yes
5681,80,No
5682,36,Yes
5683,95,No
5684,72,No
5685,91,No
5686,3,Yes
5687,1,Yes
5688,19,Yes
5689,88,No
5690,13,Yes
5691,53,No
5692,56,No
5693,9,Yes
5694,17,Yes
5695,85,No
5696,23,Yes
5697,16,Yes
5698,75,No
5699,42,Yes
5700,51,No
5701,78,No
5702,41,Yes
5703,3,Yes
5704,24,Yes
5705,57,No
5706,59,No
5707,76,No
5708,38,Yes
5709,53,No
5710,32,Yes
5711,30,Yes
5712,73,No
5713,21,Yes
5714,75,No
5715,61,No
5716,82,No
5717,27,Yes
5718,1,Yes
5719,18,Yes
5720,26,Yes
5721,39,Yes
5722,35,Yes
5723,61,No
5724,7,Yes
5725,39,Yes
5726,33,Yes
5727,59,No
5728,34,Yes
5729,32,Yes
5730,83,No
5731,2,Yes
5732,30,Yes
5733,67,No
5734,44,Yes
5735,91,No
5736,42,Yes
5737,14,Yes
5738,79,No
5739,87,No
5740,50,No
5741,39,Yes
5742,12,Yes
5743,65,No
5744,70,No
5745,96,No
5746,97,No
5747,19,Yes
5748,4,Yes
5749,48,Yes
5750,89,No
5751,93,No
5752,8,Yes
5753,13,Yes
5754,87,No
5755,67,No
5756,58,No
5757,83,No
5758,9,Yes
5759,1,Yes
5760,27,Yes
5761,76,No
5762,20,Yes
5763,27,Yes
5764,29,Yes
5765,3,Yes
5766,5,Yes
5767,97,No
5768,86,No
5769,54,No
5770,15,Yes
5771,17,Yes
5772,13,Yes
5773,38,Yes
5774,68,No
5775,28,Yes
5776,78,No
5777,22,Yes
5778,29,Yes
5779,45,Yes
5780,69,No
5781,82,No
5782,55,No
5783,20,Yes
5784,32,Yes
5785,8,Yes
5786,14,Yes
5787,31,Yes
5788,57,No
5789,81,No
5790,5,Yes
5791,13,Yes
5792,22,Yes
5793,48,Yes
5794,95,No
5795,3,Yes
5796,16,Yes
5797,25,Yes
5798,68,No
5799,38,Yes
5800,58,No
5801,1,Yes
5802,52,No
5803,93,No
5804,2,Yes
5805,76,No
5806,97,No
5807,94,No
5808,9,Yes
5809,2,Yes
5810,4,Yes
5811,1,Yes
5812,98,No
5813,22,Yes
5814,10,Yes
5815,20,Yes
5816,65,No
5817,72,No
5818,96,No
5819,57,No
5820,23,Yes
5821,22,Yes
5822,55,No
5823,72,No
5824,75,No
5825,70,No
5826,48,Yes
5827,32,Yes
5828,2,Yes
5829,92,No
5830,59,No
5831,60,No
5832,87,No
5833,1,Yes
5834,2,Yes
5835,19,Yes
5836,20,Yes
5837,70,No
5838,38,Yes
5839,3,Yes
5840,5,Yes
5841,15,Yes
5842,26,Yes
5843,30,Yes
5844,31,Yes
5845,69,No
5846,32,Yes
5847,16,Yes
5848,49,Yes
5849,32,Yes
5850,4,Yes
5851,11,Yes
5852,42,Yes
5853,24,Yes
5854,59,No
5855,44,Yes
5856,41,Yes
5857,1,Yes
5858,20,Yes
5859,47,Yes
5860,31,Yes
5861,77,No
5862,37,Yes
5863,69,No
5864,14,Yes
5865,32,Yes
5866,60,No
5867,22,Yes
5868,77,No
5869,52,No
5870,4,Yes
5871,65,No
5872,84,No
5873,38,Yes
5874,47,Yes
5875,74,No
5876,31,Yes
5877,27,Yes
5878,12,Yes
5879,28,Yes
5880,17,Yes
5881,29,Yes
5882,4,Yes
5883,33,Yes
5884,66,No
5885,7,Yes
5886,6,Yes
5887,3,Yes
5888,17,Yes
5889,29,Yes
5890,88,No
5891,39,Yes
5892,8,Yes
5893,57,No
5894,95,No
5895,20,Yes
5896,5,Yes
5897,76,No
5898,99,No
5899,4,Yes
5900,27,Yes
5901,43,Yes
5902,73,No
5903,80,No
5904,77,No
5905,64,No
5906,30,Yes
5907,77,No
5908,90,No
5909,2,Yes
5910,37,Yes
5911,58,No
5912,64,No
5913,60,No
5914,18,Yes
5915,1,Yes
5916,25,Yes
5917,15,Yes
5918,20,Yes
5919,2,Yes
5920,8,Yes
5921,51,No
5922,61,No
5923,96,No
5924,45,Yes
5925,3,Yes
5926,80,No
5927,51,No
5928,62,No
5929,30,Yes
5930,18,Yes
5931,1,Yes
5932,45,Yes
5933,35,Yes
5934,51,No
5935,78,No
5936,20,Yes
5937,53,No
5938,19,Yes
5939,28,Yes
5940,28,Yes
5941,63,No
5942,58,No
5943,38,Yes
5944,99,No
5945,94,No
5946,13,Yes
5947,8,Yes
5948,56,No
5949,66,No
5950,83,No
5951,60,No
5952,7,Yes
5953,23,Yes
5954,86,No
5955,25,Yes
5956,63,No
5957,97,No
5958,4,Yes
5959,28,Yes
5960,34,Yes
5961,88,No
5962,20,Yes
5963,33,Yes
5964,65,No
5965,25,Yes
5966,3,Yes
5967,3,Yes
5968,27,Yes
5969,46,Yes
5970,76,No
5971,74,No
5972,72,No
5973,36,Yes
5974,86,No
5975,57,No
5976,13,Yes
5977,43,Yes
5978,59,No
5979,35,Yes
5980,32,Yes
5981,27,Yes
5982,56,No
5983,99,No
5984,51,No
5985,9,Yes
5986,1,Yes
5987,81,No
5988,55,No
5989,97,No
5990,83,No
5991,2,Yes
5992,17,Yes
5993,29,Yes
5994,45,Yes
5995,34,Yes
5996,78,No
5997,69,No
5998,90,No
5999,3,Yes
6000,33,Yes
6001,40,Yes
6002,66,No
6003,85,No
6004,23,Yes
6005,23,Yes
6006,22,Yes
6007,71,No
6008,87,No
6009,58,No
6010,27,Yes
6011,82,No
6012,49,Yes
6013,40,Yes
6014,8,Yes
6015,86,No
6016,19,Yes
6017,1,Yes
6018,48,Yes
6019,91,No
6020,36,Yes
6021,6,Yes
6022,7,Yes
6023,1,Yes
6024,10,Yes
6025,42,Yes
6026,28,Yes
6027,4,Yes
6028,3,Yes
6029,11,Yes
6030,21,Yes
6031,77,No
6032,71,No
6033,16,Yes
6034,44,Yes
6035,64,No
6036,75,No
6037,2,Yes
6038,23,Yes
6039,55,No
6040,35,Yes
6041,46,Yes
6042,21,Yes
6043,15,Yes
6044,28,Yes
6045,81,No
6046,30,Yes
6047,45,Yes
6048,89,No
6049,15,Yes
6050,10,Yes
6051,33,Yes
6052,4,Yes
6053,20,Yes
6054,2,Yes
6055,5,Yes
6056,54,No
6057,41,Yes
6058,71,No
6059,8,Yes
6060,4,Yes
6061,43,Yes
6062,77,No
6063,48,Yes
6064,22,Yes
6065,74,No
6066,73,No
6067,35,Yes
6068,28,Yes
6069,60,No
6070,73,No
6071,8,Yes
6072,44,Yes
6073,26,Yes
6074,26,Yes
6075,96,No
6076,10,Yes
6077,13,Yes
6078,91,No
6079,97,No
6080,70,No
6081,77,No
6082,10,Yes
6083,8,Yes
6084,6,Yes
6085,7,Yes
6086,55,No
6087,58,No
6088,75,No
6089,96,No
6090,1,Yes
6091,17,Yes
6092,5,Yes
6093,39,Yes
6094,34,Yes
6095,28,Yes
6096,54,No
6097,29,Yes
6098,22,Yes
6099,25,Yes
6100,28,Yes
6101,62,No
6102,4,Yes
6103,3,Yes
6104,64,No
6105,85,No
6106,23,Yes
6107,88,No
6108,23,Yes
6109,52,No
6110,30,Yes
6111,44,Yes
6112,61,No
6113,76,No
6114,31,Yes
6115,81,No
6116,56,No
6117,10,Yes
6118,86,No
6119,37,Yes
6120,87,No
6121,98,No
6122,11,Yes
6123,1,Yes
6124,2,Yes
6125,14,Yes
6126,49,Yes
6127,69,No
6128,18,Yes
6129,71,No
6130,42,Yes
6131,5,Yes
6132,29,Yes
6133,52,No
6134,4,Yes
6135,16,Yes
6136,5,Yes
6137,50,No
6138,54,No
6139,96,No
6140,97,No
6141,6,Yes
6142,13,Yes
6143,9,Yes
6144,13,Yes
6145,72,No
6146,36,Yes
6147,2,Yes
6148,34,Yes
6149,63,No
6150,94,No
6151,2,Yes
6152,27,Yes
6153,35,Yes
6154,48,Yes
6155,21,Yes
6156,74,No
6157,41,Yes
6158,1,Yes
6159,12,Yes
6160,80,No
6161,53,No
6162,85,No
6163,72,No
6164,3,Yes
6165,18,Yes
6166,27,Yes
6167,56,No
6168,8,Yes
6169,28,Yes
6170,9,Yes
6171,42,Yes
6172,35,Yes
6173,70,No
6174,79,No
6175,2,Yes
6176,74,No
6177,51,No
6178,25,Yes
6179,11,Yes
6180,22,Yes
6181,63,No
6182,77,No
6183,43,Yes
6184,54,No
6185,28,Yes
6186,12,Yes
6187,39,Yes
6188,37,Yes
6189,68,No
6190,79,No
6191,1,Yes
6192,26,Yes
6193,22,Yes
6194,55,No
6195,98,No
6196,58,No
6197,5,Yes
6198,35,Yes
6199,7,Yes
6200,35,Yes
6201,14,Yes
6202,23,Yes
6203,28,Yes
6204,7,Yes
6205,41,Yes
6206,55,No
6207,47,Yes
6208,37,Yes
6209,59,No
6210,89,No
6211,79,No
6212,46,Yes
6213,96,No
6214,31,Yes
6215,33,Yes
6216,76,No
6217,72,No
6218,7,Yes
6219,55,No
6220,86,No
6221,98,No
6222,1,Yes
6223,3,Yes
6224,27,Yes
6225,76,No
6226,94,No
6227,59,No
6228,81,No
6229,85,No
6230,91,No
6231,4,Yes
6232,35,Yes
6233,72,No
6234,85,No
6235,11,Yes
6236,1,Yes
6237,14,Yes
6238,19,Yes
6239,39,Yes
6240,58,No
6241,99,No
6242,1,Yes
6243,14,Yes
6244,15,Yes
6245,86,No
6246,37,Yes
6247,34,Yes
6248,98,No
6249,45,Yes
6250,5,Yes
6251,10,Yes
6252,36,Yes
6253,92,No
6254,87,No
6255,63,No
6256,64,No
6257,30,Yes
6258,33,Yes
6259,29,Yes
6260,77,No
6261,4,Yes
6262,6,Yes
6263,28,Yes
6264,62,No
6265,17,Yes
6266,14,Yes
6267,25,Yes
6268,35,Yes
6269,66,No
6270,18,Yes
6271,26,Yes
6272,52,No
6273,66,No
6274,98,No
6275,5,Yes
6276,41,Yes
6277,64,No
6278,86,No
6279,77,No
6280,7,Yes
6281,15,Yes
6282,34,Yes
6283,46,Yes
6284,36,Yes
6285,72,No
6286,63,No
6287,68,No
6288,11,Yes
6289,20,Yes
6290,22,Yes
6291,28,Yes
6292,44,Yes
6293,16,Yes
6294,5,Yes
6295,14,Yes
6296,28,Yes
6297,31,Yes
6298,58,No
6299,68,No
6300,6,Yes
6301,4,Yes
6302,2,Yes
6303,65,No
6304,87,No
6305,38,Yes
6306,52,No
6307,10,Yes
6308,28,Yes
6309,62,No
6310,97,No
6311,1,Yes
6312,5,Yes
6313,1,Yes
6314,60,No
6315,94,No
6316,63,No
6317,93,No
6318,17,Yes
6319,39,Yes
6320,39,Yes
6321,51,No
6322,49,Yes
6323,99,No
6324,71,No
6325,22,Yes
6326,27,Yes
6327,10,Yes
6328,16,Yes
6329,84,No
6330,12,Yes
6331,15,Yes
6332,6,Yes
6333,81,No
6334,27,Yes
6335,23,Yes
6336,34,Yes
6337,99,No
6338,25,Yes
6339,38,Yes
6340,36,Yes
6341,80,No
6342,60,No
6343,2,Yes
6344,79,No
6345,66,No
6346,97,No
6347,44,Yes
6348,66,No
6349,3,Yes
6350,24,Yes
6351,44,Yes
6352,73,No
6353,2,Yes
6354,15,Yes
6355,8,Yes
6356,47,Yes
6357,27,Yes
6358,26,Yes
6359,64,No
6360,15,Yes
6361,33,Yes
6362,25,Yes
6363,17,Yes
6364,25,Yes
6365,1,Yes
6366,95,No
6367,91,No
6368,60,No
6369,65,No
6370,64,No
6371,19,Yes
6372,9,Yes
6373,52,No
6374,78,No
6375,3,Yes
6376,67,No
6377,24,Yes
6378,57,No
6379,41,Yes
6380,13,Yes
6381,4,Yes
6382,27,Yes
6383,35,Yes
6384,22,Yes
6385,3,Yes
6386,5,Yes
6387,30,Yes
6388,35,Yes
6389,31,Yes
6390,22,Yes
6391,13,Yes
6392,26,Yes
6393,33,Yes
6394,22,Yes
6395,56,No
6396,85,No
6397,1,Yes
6398,95,No
6399,18,Yes
6400,3,Yes
6401,10,Yes
6402,27,Yes
6403,96,No
6404,59,No
6405,8,Yes
6406,15,Yes
6407,19,Yes
6408,81,No
6409,63,No
6410,46,Yes
6411,39,Yes
6412,83,No
6413,2,Yes
6414,60,No
6415,26,Yes
6416,71,No
6417,24,Yes
6418,46,Yes
6419,30,Yes
6420,56,No
6421,60,No
6422,48,Yes
6423,1,Yes
6424,3,Yes
6425,3,Yes
6426,91,No
6427,19,Yes
6428,94,No
6429,35,Yes
6430,78,No
6431,90,No
6432,70,No
6433,49,Yes
6434,37,Yes
6435,1,Yes
6436,51,No
6437,6,Yes
6438,18,Yes
6439,42,Yes
6440,70,No
6441,52,No
6442,85,No
6443,31,Yes
6444,3,Yes
6445,9,Yes
6446,1,Yes
6447,25,Yes
6448,31,Yes
6449,48,Yes
6450,51,No
6451,5,Yes
6452,14,Yes
6453,40,Yes
6454,90,No
6455,2,Yes
6456,88,No
6457,50,No
6458,38,Yes
6459,75,No
6460,25,Yes
6461,26,Yes
6462,18,Yes
6463,50,No
6464,48,Yes
6465,80,No
6466,52,No
6467,33,Yes
6468,10,Yes
6469,30,Yes
6470,81,No
6471,26,Yes
6472,85,No
6473,38,Yes
6474,14,Yes
6475,4,Yes
6476,1,Yes
6477,24,Yes
6478,23,Yes
6479,59,No
6480,1,Yes
6481,8,Yes
6482,44,Yes
6483,4,Yes
6484,8,Yes
6485,8,Yes
6486,83,No
6487,97,No
6488,15,Yes
6489,43,Yes
6490,81,No
6491,47,Yes
6492,58,No
6493,1,Yes
6494,7,Yes
6495,28,Yes
6496,34,Yes
6497,13,Yes
6498,28,Yes
6499,66,No
6500,10,Yes
6501,29,Yes
6502,23,Yes
6503,75,No
6504,39,Yes
6505,56,No
6506,11,Yes
6507,6,Yes
6508,75,No
6509,44,Yes
6510,82,No
6511,59,No
6512,61,No
6513,97,No
6514,78,No
6515,63,No
6516,87,No
6517,58,No
6518,42,Yes
6519,64,No
6520,9,Yes
6521,32,Yes
6522,81,No
6523,33,Yes
6524,37,Yes
6525,40,Yes
6526,71,No
6527,86,No
6528,96,No
6529,4,Yes
6530,3,Yes
6531,14,Yes
6532,26,Yes
6533,71,No
6534,99,No
6535,86,No
6536,23,Yes
6537,1,Yes
6538,6,Yes
6539,28,Yes
6540,21,Yes
6541,34,Yes
6542,44,Yes
6543,57,No
6544,11,Yes
6545,24,Yes
6546,1,Yes
6547,42,Yes
6548,15,Yes
6549,2,Yes
6550,3,Yes
6551,71,No
6552,47,Yes
6553,1,Yes
6554,1,Yes
6555,79,No
6556,45,Yes
6557,75,No
6558,57,No
6559,39,Yes
6560,98,No
6561,21,Yes
6562,30,Yes
6563,5,Yes
6564,50,No
6565,52,No
6566,56,No
6567,11,Yes
6568,26,Yes
6569,76,No
6570,93,No
6571,2,Yes
6572,10,Yes
6573,11,Yes
6574,47,Yes
6575,68,No
6576,25,Yes
6577,83,No
6578,83,No
6579,27,Yes
6580,55,No
6581,34,Yes
6582,77,No
6583,34,Yes
6584,76,No
6585,65,No
6586,21,Yes
6587,14,Yes
6588,31,Yes
6589,9,Yes
6590,29,Yes
6591,54,No
6592,94,No
6593,98,No
6594,15,Yes
6595,31,Yes
6596,4,Yes
6597,8,Yes
6598,35,Yes
6599,39,Yes
6600,38,Yes
6601,45,Yes
6602,51,No
6603,4,Yes
6604,80,No
6605,64,No
6606,63,No
6607,75,No
6608,12,Yes
6609,15,Yes
6610,11,Yes
6611,70,No
6612,54,No
6613,14,Yes
6614,45,Yes
6615,1,Yes
6616,1,Yes
6617,35,Yes
6618,52,No
6619,70,No
6620,80,No
6621,75,No
6622,93,No
6623,24,Yes
6624,27,Yes
6625,23,Yes
6626,40,Yes
6627,20,Yes
6628,42,Yes
6629,65,No
6630,57,No
6631,98,No
6632,42,Yes
6633,96,No
6634,6,Yes
6635,76,No
6636,2,Yes
6637,68,No
6638,5,Yes
6639,1,Yes
6640,13,Yes
6641,33,Yes
6642,83,No
6643,91,No
6644,3,Yes
6645,1,Yes
6646,7,Yes
6647,22,Yes
6648,71,No
6649,83,No
6650,60,No
6651,80,No
6652,98,No
6653,57,No
6654,57,No
6655,32,Yes
6656,64,No
6657,44,Yes
6658,95,No
6659,7,Yes
6660,40,Yes
6661,60,No
6662,80,No
6663,73,No
6664,69,No
6665,35,Yes
6666,1,Yes
6667,11,Yes
6668,2,Yes
6669,13,Yes
6670,43,Yes
6671,59,No
6672,63,No
6673,69,No
6674,76,No
6675,88,No
6676,98,No
6677,57,No
6678,11,Yes
6679,54,No
6680,54,No
6681,49,Yes
6682,2,Yes
6683,6,Yes
6684,17,Yes
6685,25,Yes
6686,58,No
6687,37,Yes
6688,4,Yes
6689,1,Yes
6690,58,No
6691,52,No
6692,99,No
6693,51,No
6694,1,Yes
6695,1,Yes
6696,30,Yes
6697,21,Yes
6698,38,Yes
6699,23,Yes
6700,7,Yes
6701,11,Yes
6702,26,Yes
6703,21,Yes
6704,84,No
6705,55,No
6706,7,Yes
6707,23,Yes
6708,47,Yes
6709,24,Yes
6710,26,Yes
6711,2,Yes
6712,32,Yes
6713,78,No
6714,93,No
6715,36,Yes
6716,76,No
6717,38,Yes
6718,95,No
6719,51,No
6720,38,Yes
6721,87,No
6722,89,No
6723,60,No
6724,75,No
6725,3,Yes
6726,23,Yes
6727,50,No
6728,4,Yes
6729,99,No
6730,1,Yes
6731,18,Yes
6732,29,Yes
6733,24,Yes
6734,64,No
6735,9,Yes
6736,30,Yes
6737,65,No
6738,40,Yes
6739,84,No
6740,62,No
6741,5,Yes
6742,1,Yes
6743,22,Yes
6744,27,Yes
6745,24,Yes
6746,98,No
6747,1,Yes
6748,20,Yes
6749,70,No
6750,58,No
6751,88,No
6752,17,Yes
6753,3,Yes
6754,1,Yes
6755,20,Yes
6756,49,Yes
6757,28,Yes
6758,28,Yes
6759,50,No
6760,98,No
6761,86,No
6762,95,No
6763,1,Yes
6764,43,Yes
6765,62,No
6766,83,No
6767,89,No
6768,49,Yes
6769,75,No
6770,37,Yes
6771,40,Yes
6772,56,No
6773,45,Yes
6774,27,Yes
6775,77,No
6776,14,Yes
6777,65,No
6778,59,No
6779,99,No
6780,92,No
6781,4,Yes
6782,8,Yes
6783,19,Yes
6784,38,Yes
6785,44,Yes
6786,51,No
6787,43,Yes
6788,19,Yes
6789,36,Yes
6790,56,No
6791,14,Yes
6792,42,Yes
6793,49,Yes
6794,74,No
6795,92,No
6796,74,No
6797,68,No
6798,6,Yes
6799,3,Yes
6800,31,Yes
6801,31,Yes
6802,77,No
6803,35,Yes
6804,24,Yes
6805,14,Yes
6806,40,Yes
6807,1,Yes
6808,25,Yes
6809,85,No
6810,20,Yes
6811,52,No
6812,91,No
6813,4,Yes
6814,29,Yes
6815,6,Yes
6816,71,No
6817,92,No
6818,27,Yes
6819,61,No
6820,25,Yes
6821,65,No
6822,5,Yes
6823,6,Yes
6824,1,Yes
6825,2,Yes
6826,81,No
6827,62,No
6828,73,No
6829,76,No
6830,64,No
6831,62,No
6832,27,Yes
6833,39,Yes
6834,89,No
6835,11,Yes
6836,15,Yes
6837,6,Yes
6838,1,Yes
6839,53,No
6840,34,Yes
6841,5,Yes
6842,29,Yes
6843,29,Yes
6844,55,No
6845,76,No
6846,74,No
6847,84,No
6848,34,Yes
6849,56,No
6850,12,Yes
6851,20,Yes
6852,27,Yes
6853,67,No
6854,47,Yes
6855,79,No
6856,72,No
6857,57,No
6858,40,Yes
6859,88,No
6860,69,No
6861,77,No
6862,57,No
6863,51,No
6864,53,No
6865,32,Yes
6866,67,No
6867,28,Yes
6868,10,Yes
6869,48,Yes
6870,22,Yes
6871,30,Yes
6872,97,No
6873,88,No
6874,76,No
6875,4,Yes
6876,31,Yes
6877,41,Yes
6878,10,Yes
6879,65,No
6880,83,No
6881,69,No
6882,59,No
6883,43,Yes
6884,7,Yes
6885,19,Yes
6886,33,Yes
6887,30,Yes
6888,99,No
6889,42,Yes
6890,16,Yes
6891,3,Yes
6892,23,Yes
6893,8,Yes
6894,31,Yes
6895,19,Yes
6896,23,Yes
6897,35,Yes
6898,54,No
6899,76,No
6900,63,No
6901,71,No
6902,4,Yes
6903,74,No
6904,45,Yes
6905,67,No
6906,21,Yes
6907,72,No
6908,73,No
6909,90,No
6910,74,No
6911,7,Yes
6912,2,Yes
6913,90,No
6914,33,Yes
6915,21,Yes
6916,93,No
6917,74,No
6918,1,Yes
6919,19,Yes
6920,9,Yes
6921,55,No
6922,10,Yes
6923,3,Yes
6924,7,Yes
6925,32,Yes
6926,36,Yes
6927,82,No
6928,25,Yes
6929,76,No
6930,8,Yes
6931,2,Yes
6932,25,Yes
6933,13,Yes
6934,1,Yes
6935,27,Yes
6936,49,Yes
6937,75,No
6938,71,No
6939,63,No
6940,18,Yes
6941,61,No
6942,24,Yes
6943,9,Yes
6944,70,No
6945,26,Yes
6946,83,No
6947,92,No
6948,14,Yes
6949,28,Yes
6950,58,No
6951,23,Yes
6952,1,Yes
6953,9,Yes
6954,13,Yes
6955,2,Yes
6956,78,No
6957,45,Yes
6958,12,Yes
6959,4,Yes
6960,42,Yes
6961,79,No
6962,49,Yes
6963,65,No
6964,82,No
6965,77,No
6966,46,Yes
6967,21,Yes
6968,26,Yes
6969,51,No
6970,58,No
6971,16,Yes
6972,82,No
6973,88,No
6974,79,No
6975,23,Yes
6976,6,Yes
6977,1,Yes
6978,34,Yes
6979,39,Yes
6980,52,No
6981,97,No
6982,17,Yes
6983,20,Yes
6984,5,Yes
6985,86,No
6986,21,Yes
6987,60,No
6988,29,Yes
6989,62,No
6990,37,Yes
6991,28,Yes
6992,3,Yes
6993,18,Yes
6994,1,Yes
6995,1,Yes
6996,75,No
6997,70,No
6998,39,Yes
6999,33,Yes
7000,65,No
7001,10,Yes
7002,64,No
7003,44,Yes
7004,46,Yes
7005,2,Yes
7006,28,Yes
7007,15,Yes
7008,72,No
7009,71,No
7010,88,No
7011,18,Yes
7012,35,Yes
7013,19,Yes
7014,2,Yes
7015,25,Yes
7016,29,Yes
7017,80,No
7018,45,Yes
7019,54,No
7020,70,No
7021,49,Yes
7022,14,Yes
7023,21,Yes
7024,89,No
7025,76,No
7026,4,Yes
7027,36,Yes
7028,38,Yes
7029,4,Yes
7030,2,Yes
7031,43,Yes
7032,79,No
7033,91,No
7034,56,No
7035,1,Yes
7036,37,Yes
7037,10,Yes
7038,27,Yes
7039,65,No
7040,84,No
7041,84,No
7042,5,Yes
7043,15,Yes
7044,27,Yes
7045,51,No
7046,16,Yes
7047,17,Yes
7048,5,Yes
7049,12,Yes
7050,1,Yes
7051,1,Yes
7052,8,Yes
7053,85,No
7054,46,Yes
7055,90,No
7056,67,No
7057,96,No
7058,84,No
7059,99,No
7060,64,No
7061,7,Yes
7062,35,Yes
7063,10,Yes
7064,10,Yes
7065,30,Yes
7066,3,Yes
7067,28,Yes
7068,41,Yes
7069,57,No
7070,8,Yes
7071,13,Yes
7072,54,No
7073,39,Yes
7074,82,No
7075,13,Yes
7076,36,Yes
7077,37,Yes
7078,62,No
7079,3,Yes
7080,1,Yes
7081,34,Yes
7082,74,No
7083,73,No
7084,74,No
7085,12,Yes
7086,12,Yes
7087,56,No
7088,70,No
7089,60,No
7090,38,Yes
7091,42,Yes
7092,71,No
7093,67,No
7094,2,Yes
7095,24,Yes
7096,10,Yes
7097,49,Yes
7098,18,Yes
7099,99,No
7100,1,Yes
7101,1,Yes
7102,27,Yes
7103,72,No
7104,26,Yes
7105,49,Yes
7106,90,No
7107,70,No
7108,5,Yes
7109,4,Yes
7110,52,No
7111,28,Yes
7112,56,No
7113,47,Yes
7114,55,No
7115,19,Yes
7116,4,Yes
7117,5,Yes
7118,81,No
7119,9,Yes
7120,86,No
7121,62,No
7122,39,Yes
7123,21,Yes
7124,34,Yes
7125,43,Yes
7126,62,No
7127,9,Yes
7128,44,Yes
7129,12,Yes
7130,10,Yes
7131,75,No
7132,29,Yes
7133,59,No
7134,84,No
7135,67,No
7136,69,No
7137,99,No
7138,47,Yes
7139,87,No
7140,16,Yes
7141,29,Yes
7142,19,Yes
7143,46,Yes
7144,82,No
7145,39,Yes
7146,21,Yes
7147,22,Yes
7148,45,Yes
7149,10,Yes
7150,93,No
7151,76,No
7152,94,No
7153,96,No
7154,1,Yes
7155,8,Yes
7156,17,Yes
7157,36,Yes
7158,76,No
7159,36,Yes
7160,36,Yes
7161,15,Yes
7162,17,Yes
7163,34,Yes
7164,86,No
7165,68,No
7166,51,No
7167,2,Yes
7168,5,Yes
7169,62,No
7170,11,Yes
7171,37,Yes
7172,38,Yes
7173,50,No
7174,32,Yes
7175,33,Yes
7176,86,No
7177,68,No
7178,1,Yes
7179,7,Yes
7180,4,Yes
7181,15,Yes
7182,73,No
7183,78,No
7184,15,Yes
7185,69,No
7186,7,Yes
7187,70,No
7188,63,No
7189,59,No
7190,78,No
7191,14,Yes
7192,55,No
7193,6,Yes
7194,64,No
7195,53,No
7196,7,Yes
7197,53,No
7198,65,No
7199,3,Yes
7200,81,No
7201,44,Yes
7202,37,Yes
7203,58,No
7204,32,Yes
7205,12,Yes
7206,22,Yes
7207,4,Yes
7208,28,Yes
7209,59,No
7210,41,Yes
7211,72,No
7212,52,No
7213,26,Yes
7214,42,Yes
7215,11,Yes
7216,98,No
7217,88,No
7218,91,No
7219,99,No
7220,39,Yes
7221,15,Yes
7222,49,Yes
7223,37,Yes
7224,35,Yes
7225,40,Yes
7226,30,Yes
7227,43,Yes
7228,5,Yes
7229,13,Yes
7230,27,Yes
7231,19,Yes
7232,20,Yes
7233,88,No
7234,20,Yes
7235,17,Yes
7236,38,Yes
7237,33,Yes
7238,100,No
7239,36,Yes
7240,27,Yes
7241,90,No
7242,34,Yes
7243,65,No
7244,51,No
7245,36,Yes
7246,26,Yes
7247,86,No
7248,95,No
7249,62,No
7250,92,No
7251,11,Yes
7252,27,Yes
7253,46,Yes
7254,47,Yes
7255,76,No
7256,32,Yes
7257,70,No
7258,86,No
7259,88,No
7260,94,No
7261,80,No
7262,44,Yes
7263,86,No
7264,93,No
7265,66,No
7266,79,No
7267,72,No
7268,80,No
7269,92,No
7270,91,No
7271,29,Yes
7272,54,No
7273,88,No
7274,97,No
7275,98,No
7276,78,No
7277,42,Yes
7278,45,Yes
7279,50,No
7280,87,No
7281,98,No
